City_ID,City,Country,Date,Lat,Lng,Max Temp,Humidity,Cloudiness,Wind Speed
0,Naryan-Mar,RU,2021-02-05 23:47:05,67.6713,53.087,-12.89,89,39,11.03
1,Naryan-Mar,RU,2021-02-05 23:47:05,67.6713,53.087,-12.89,89,39,11.03
2,Ushuaia,AR,2021-02-05 23:55:09,-54.8,-68.3,46.4,76,75,25.32
3,Busselton,AU,2021-02-05 23:57:29,-33.65,115.3333,61.0,76,95,4.0
4,Avarua,CK,2021-02-05 23:57:29,-21.2078,-159.775,86.0,70,20,13.8
5,Thompson,CA,2021-02-05 23:54:55,55.7435,-97.8558,-18.4,63,75,14.97
6,Camacha,PT,2021-02-05 23:57:29,33.0833,-16.3333,57.2,67,40,19.57
7,Airai,TL,2021-02-05 23:54:20,-8.9266,125.4092,62.92,100,100,3.83
8,Butaritari,KI,2021-02-05 23:57:29,3.0707,172.7902,81.7,80,81,19.01
9,Rikitea,PF,2021-02-05 23:57:30,-23.1203,-134.9692,79.07,69,5,12.66
10,Mataura,NZ,2021-02-05 23:54:42,-46.1927,168.8643,73.51,48,62,3.04
11,East London,ZA,2021-02-05 23:54:53,-33.0153,27.9116,73.62,89,99,10.02
12,Niny,RU,2021-02-05 23:57:30,44.4878,43.9489,33.35,82,0,11.12
13,Natitingou,BJ,2021-02-05 23:57:30,10.3042,1.3796,77.09,18,33,5.77
14,Hofn,IS,2021-02-05 23:57:30,64.2539,-15.2082,37.26,78,100,16.78
15,Cangzhou,CN,2021-02-05 23:57:31,38.3167,116.8667,38.32,66,0,3.47
16,Albany,US,2021-02-05 23:55:10,42.6001,-73.9662,37.99,67,85,6.82
17,Tuktoyaktuk,CA,2021-02-05 23:57:31,69.4541,-133.0374,-31.0,68,75,8.05
18,Jumla,NP,2021-02-05 23:57:31,29.2747,82.1838,24.19,84,96,5.28
19,Bluff,NZ,2021-02-05 23:53:58,-46.6,168.3333,59.52,73,72,2.82
20,Conceicao Do Araguaia,BR,2021-02-05 23:57:31,-8.2578,-49.2647,77.14,88,100,3.42
21,Carnarvon,AU,2021-02-05 23:54:19,-24.8667,113.6333,80.6,100,90,24.16
22,Longyearbyen,SJ,2021-02-05 23:57:32,78.2186,15.6401,28.4,69,75,16.11
23,Nikolskoye,RU,2021-02-05 23:54:42,59.7035,30.7861,12.0,78,75,11.18
24,Vaini,TO,2021-02-05 23:57:32,-21.2,-175.2,84.2,84,75,6.91
25,Castro,BR,2021-02-05 23:57:32,-24.7911,-50.0119,61.0,58,0,1.74
26,Abu Dhabi,AE,2021-02-05 23:55:04,24.4667,54.3667,66.2,72,0,3.44
27,Dongli,CN,2021-02-05 23:57:32,23.5656,116.8194,55.4,100,0,1.48
28,Hobart,AU,2021-02-05 23:54:39,-42.8794,147.3294,73.99,64,75,10.36
29,Lakes Entrance,AU,2021-02-05 23:57:33,-37.8811,147.981,75.0,53,1,14.0
30,Iqaluit,CA,2021-02-05 23:57:33,63.7506,-68.5145,23.0,86,75,27.63
31,Virginia Beach,US,2021-02-05 23:56:25,36.8529,-75.978,48.2,81,90,10.36
32,Qaanaaq,GL,2021-02-05 23:54:07,77.484,-69.3632,-3.46,78,100,7.63
33,Ribeira Grande,PT,2021-02-05 23:57:33,38.5167,-28.7,59.05,84,94,12.75
34,Okhotsk,RU,2021-02-05 23:55:57,59.3833,143.3,1.67,88,99,5.61
35,Port Alfred,ZA,2021-02-05 23:57:34,-33.5906,26.891,71.01,93,82,15.21
36,Yellowknife,CA,2021-02-05 23:54:20,62.456,-114.3525,-31.0,68,90,11.5
37,Swift Current,CA,2021-02-05 23:57:34,50.2834,-107.8014,-11.2,77,90,17.27
38,Progreso,MX,2021-02-05 23:57:34,21.2833,-89.6667,89.6,37,1,9.22
39,Bethel,US,2021-02-05 23:57:34,41.3712,-73.414,36.0,86,1,3.44
40,Miyako,JP,2021-02-05 23:57:34,39.6367,141.9525,41.56,81,94,8.43
41,Abu Samrah,SY,2021-02-05 23:57:34,35.3029,37.1841,48.27,87,0,4.54
42,Erzin,TR,2021-02-05 23:57:35,36.9559,36.2,55.0,81,0,5.01
43,Paita,PE,2021-02-05 23:57:35,-5.0892,-81.1144,75.4,73,17,17.05
44,New Norfolk,AU,2021-02-05 23:54:45,-42.7826,147.0587,73.99,93,74,4.0
45,Cape Town,ZA,2021-02-05 23:57:14,-33.9258,18.4232,69.01,88,0,18.41
46,Kununurra,AU,2021-02-05 23:54:41,-15.7667,128.7333,82.4,94,99,3.44
47,Jacareacanga,BR,2021-02-05 23:57:35,-6.2222,-57.7528,76.08,95,99,1.7
48,Atuona,PF,2021-02-05 23:57:35,-9.8,-139.0333,79.16,82,6,18.25
49,Port Elizabeth,ZA,2021-02-05 23:54:58,-33.918,25.5701,69.8,94,90,8.05
50,Tasiilaq,GL,2021-02-05 23:57:36,65.6145,-37.6368,24.8,50,75,2.3
51,Punta Arenas,CL,2021-02-05 23:57:36,-53.15,-70.9167,53.6,47,0,26.46
52,Barrow,US,2021-02-05 23:57:36,71.2906,-156.7887,-9.4,70,40,12.66
53,Te Anau,NZ,2021-02-05 23:57:36,-45.4167,167.7167,72.86,47,88,1.95
54,Aksu,CN,2021-02-05 23:57:36,41.1231,80.2644,23.22,87,62,2.73
55,Ponta Do Sol,PT,2021-02-05 23:57:36,32.6667,-17.1,52.0,69,35,4.0
56,Sao Jose Da Coroa Grande,BR,2021-02-05 23:53:54,-8.8978,-35.1478,78.48,81,5,8.93
57,Parati,BR,2021-02-05 23:57:37,-23.2178,-44.7131,75.0,85,100,3.83
58,Hermanus,ZA,2021-02-05 23:57:37,-34.4187,19.2345,66.99,88,1,1.99
59,Nioro,GM,2021-02-05 23:57:37,13.35,-15.75,70.32,39,95,10.2
60,Puerto Ayora,EC,2021-02-05 23:53:57,-0.7393,-90.3518,79.0,90,98,5.99
61,Georgetown,MY,2021-02-05 23:57:39,5.4112,100.3354,79.0,83,20,6.24
62,Andenes,NO,2021-02-05 23:57:39,69.3143,16.1194,32.0,74,100,29.93
63,Petauke,ZM,2021-02-05 23:57:40,-14.2426,31.3253,66.94,97,100,5.61
64,Kavieng,PG,2021-02-05 23:54:50,-2.5744,150.7967,80.19,82,100,9.84
65,Maniitsoq,GL,2021-02-05 23:57:40,65.4167,-52.9,15.94,70,84,6.53
66,Trairi,BR,2021-02-05 23:57:40,-3.2778,-39.2689,78.24,81,1,9.13
67,Kaitangata,NZ,2021-02-05 23:57:40,-46.2817,169.8464,62.01,70,46,7.0
68,Lorengau,PG,2021-02-05 23:57:40,-2.0226,147.2712,84.11,68,75,6.38
69,Chaihe,CN,2021-02-05 23:55:20,44.7667,129.7,10.18,94,82,2.08
70,Drensteinfurt,DE,2021-02-05 23:57:41,51.7953,7.7382,44.01,95,100,6.13
71,Sitka,US,2021-02-05 23:57:41,57.0531,-135.33,37.4,93,90,5.75
72,Rumphi,MW,2021-02-05 23:57:41,-11.0186,33.8575,63.84,87,8,2.24
73,Solano,US,2021-02-05 23:57:41,38.2333,-121.9511,69.8,35,1,4.61
74,Goderich,CA,2021-02-05 23:57:41,43.7501,-81.7165,21.2,68,100,26.46
75,Saint George,US,2021-02-05 23:57:42,37.1041,-113.5841,60.01,23,1,24.16
76,Hovd,MN,2021-02-05 23:57:42,48.0056,91.6419,10.65,89,45,0.69
77,San Patricio,US,2021-02-05 23:57:42,28.017,-97.5169,60.8,67,90,12.66
78,Vanimo,PG,2021-02-05 23:54:30,-2.6741,141.3028,79.05,80,99,4.56
79,Mount Gambier,AU,2021-02-05 23:54:48,-37.8333,140.7667,62.6,72,40,13.8
80,Celestun,MX,2021-02-05 23:57:43,20.8667,-90.4,75.25,75,0,8.41
81,Saint-Philippe,RE,2021-02-05 23:54:11,-21.3585,55.7679,78.8,65,0,6.91
82,Elliot Lake,CA,2021-02-05 23:57:43,46.3834,-82.6331,19.4,73,90,19.57
83,Cabo San Lucas,MX,2021-02-05 23:54:01,22.8909,-109.9124,82.4,34,1,10.36
84,Chokurdakh,RU,2021-02-05 23:57:43,70.6333,147.9167,-17.43,87,99,11.88
85,Lavrentiya,RU,2021-02-05 23:57:43,65.5833,-171.0,3.18,93,100,13.44
86,Toktogul,KG,2021-02-05 23:57:43,41.8708,72.9402,31.66,70,93,2.08
87,Kabalo,CD,2021-02-05 23:57:44,-6.05,26.9167,71.51,84,100,0.69
88,Bonthe,SL,2021-02-05 23:57:44,7.5264,-12.505,77.56,81,6,7.87
89,Hearst,CA,2021-02-05 23:57:44,49.6835,-83.6665,6.8,85,100,9.22
90,Marzuq,YE,2021-02-05 23:57:44,14.4,46.4667,55.13,35,0,5.41
91,Teahupoo,PF,2021-02-05 23:57:44,-17.8333,-149.2667,82.4,69,75,4.61
92,Xam Nua,LA,2021-02-05 23:57:44,20.4197,104.0439,56.75,90,62,2.17
93,Kapaa,US,2021-02-05 23:53:56,22.0752,-159.319,72.0,60,75,3.44
94,Jamestown,US,2021-02-05 23:57:45,42.097,-79.2353,23.0,63,90,14.97
95,Saskylakh,RU,2021-02-05 23:57:45,71.9167,114.0833,-30.51,83,87,5.32
96,Kikwit,CD,2021-02-05 23:57:45,-5.041,18.8162,73.31,91,99,2.62
97,Cherskiy,RU,2021-02-05 23:54:02,68.75,161.3,-16.04,77,1,0.4
98,San Felipe,VE,2021-02-05 23:57:45,10.3399,-68.7425,72.19,86,91,6.44
99,Flinders,AU,2021-02-05 23:57:46,-34.5833,150.8552,75.0,88,100,1.01
100,Tura,IN,2021-02-05 23:57:46,25.5198,90.2201,60.71,44,0,3.18
101,Geraldton,AU,2021-02-05 23:57:46,-28.7667,114.6,60.8,88,90,28.77
102,Portel,BR,2021-02-05 23:57:46,-1.9356,-50.8211,79.88,72,84,5.5
103,Mildura,AU,2021-02-05 23:57:46,-34.2,142.15,69.01,68,75,12.66
104,Mahebourg,MU,2021-02-05 23:57:46,-20.4081,57.7,77.0,83,75,3.44
105,Hambantota,LK,2021-02-05 23:57:46,6.1241,81.1185,75.6,80,94,10.71
106,Vedelago,IT,2021-02-05 23:57:47,45.6872,12.0164,50.0,87,90,1.63
107,Biak,ID,2021-02-05 23:57:47,-0.9131,122.8766,78.84,75,100,3.18
108,Alencon,FR,2021-02-05 23:57:47,48.4333,0.0833,46.4,100,100,2.57
109,Sao Joao Da Barra,BR,2021-02-05 23:53:01,-21.6403,-41.0511,76.28,94,97,7.05
110,Borger,NL,2021-02-05 23:57:47,52.9233,6.7931,36.0,95,99,5.99
111,Tiksi,RU,2021-02-05 23:54:14,71.6872,128.8694,-17.46,89,100,9.95
112,Port Lincoln,AU,2021-02-05 23:54:33,-34.7333,135.8667,64.78,76,90,15.86
113,Boralday,KZ,2021-02-05 23:57:47,43.3578,76.8594,26.6,86,75,4.47
114,Lebu,CL,2021-02-05 23:54:02,-37.6167,-73.65,59.61,89,3,5.64
115,Koslan,RU,2021-02-05 23:57:48,63.4564,48.8989,-9.96,88,100,10.63
116,Motygino,RU,2021-02-05 23:57:48,58.1831,94.7592,0.27,93,98,3.47
117,North Bend,US,2021-02-05 23:57:48,43.4065,-124.2243,53.01,93,90,0.96
118,Aklavik,CA,2021-02-05 23:54:39,68.2191,-135.0107,-32.8,75,20,3.44
119,Victoria,HK,2021-02-05 23:56:05,22.2855,114.1577,64.99,81,0,4.63
120,Ankang,CN,2021-02-05 23:57:48,32.68,109.0172,43.63,59,68,0.22
121,Savannah Bight,HN,2021-02-05 23:57:48,16.45,-85.85,84.2,70,1,3.44
122,Leshukonskoye,RU,2021-02-05 23:57:49,64.8989,45.7622,-10.14,87,94,10.96
123,Clyde River,CA,2021-02-05 23:57:49,70.4692,-68.5914,-14.8,76,90,11.5
124,Shahreza,IR,2021-02-05 23:57:49,32.0339,51.8794,46.2,55,98,4.88
125,Acapulco,MX,2021-02-05 23:57:21,16.8634,-99.8901,84.2,61,1,4.61
126,Rio Grande,BR,2021-02-05 23:57:49,-32.035,-52.0986,64.0,88,47,15.64
127,El Dorado,US,2021-02-05 23:57:49,38.7666,-120.5177,59.0,47,1,4.61
128,Peleduy,RU,2021-02-05 23:57:49,59.6289,112.7406,-3.95,90,99,4.45
129,Bertinoro,IT,2021-02-05 23:57:50,44.1469,12.1389,46.0,81,90,1.14
130,Ruteng,ID,2021-02-05 23:57:50,-8.6136,120.4721,65.52,100,99,2.91
131,Maceio,BR,2021-02-05 23:57:50,-9.6658,-35.7353,77.0,83,0,11.5
132,Cidreira,BR,2021-02-05 23:57:50,-30.1811,-50.2056,68.14,70,15,15.14
133,Ucluelet,CA,2021-02-05 23:57:50,48.9329,-125.5528,50.0,76,20,16.11
134,Tuatapere,NZ,2021-02-05 23:57:50,-46.1333,167.6833,67.48,65,74,5.19
135,Nantucket,US,2021-02-05 23:57:50,41.2835,-70.0995,41.0,100,90,5.75
136,Tual,ID,2021-02-05 23:57:51,-5.6667,132.75,83.73,77,99,20.29
137,Waipawa,NZ,2021-02-05 23:57:51,-41.4122,175.5153,63.0,77,90,12.66
138,Bereznik,RU,2021-02-05 23:57:51,62.8551,42.7072,-8.5,89,100,10.07
139,Chabahar,IR,2021-02-05 23:57:51,25.2919,60.643,65.89,64,1,5.28
140,Mar Del Plata,AR,2021-02-05 23:57:51,-38.0023,-57.5575,69.8,49,0,5.75
141,Kodiak,US,2021-02-05 23:57:51,57.79,-152.4072,39.2,70,40,9.22
142,Caravelas,BR,2021-02-05 23:57:51,-17.7125,-39.2481,80.2,80,97,14.56
143,Baherden,TM,2021-02-05 23:57:52,38.4362,57.4316,57.7,35,91,6.49
144,Shingu,JP,2021-02-05 23:57:52,33.7333,135.9833,50.0,66,75,2.3
145,Fort Nelson,CA,2021-02-05 23:54:51,58.8053,-122.7002,-13.0,64,20,6.91
146,Esperance,AU,2021-02-05 23:57:52,-33.8667,121.9,60.8,94,90,8.05
147,Namwala,ZM,2021-02-05 23:57:52,-15.7504,26.4384,66.34,97,57,2.21
148,Padang,ID,2021-02-05 23:54:32,-0.9492,100.3543,73.4,94,20,2.3
149,Velsk,RU,2021-02-05 23:54:15,61.0701,42.0983,-5.76,90,100,9.08
150,East Wenatchee Bench,US,2021-02-05 23:53:47,47.4257,-120.2812,53.6,40,1,26.46
151,Hilo,US,2021-02-05 23:57:53,19.7297,-155.09,78.8,57,1,11.5
152,Zinder,NE,2021-02-05 23:57:53,13.8072,8.9881,66.6,23,0,11.99
153,Bredasdorp,ZA,2021-02-05 23:57:53,-34.5322,20.0403,60.8,94,13,2.3
154,Nanortalik,GL,2021-02-05 23:57:53,60.1432,-45.2371,20.19,73,0,3.89
155,Dikson,RU,2021-02-05 23:57:53,73.5069,80.5464,-32.1,84,5,11.01
156,Ixtapa,MX,2021-02-05 23:57:54,20.7,-105.2,75.2,69,1,9.22
157,Bud,US,2021-02-05 23:57:54,39.447,-86.1758,30.99,72,56,9.42
158,Sao Filipe,CV,2021-02-05 23:57:54,14.8961,-24.4956,69.42,77,25,12.19
159,Galeana,MX,2021-02-05 23:57:54,24.8333,-100.0667,61.03,49,4,2.91
160,Phek,IN,2021-02-05 23:57:54,25.6667,94.5,39.45,99,21,1.83
161,Matadi,CD,2021-02-05 23:57:54,-5.8167,13.45,77.18,87,89,2.77
162,Souillac,MU,2021-02-05 23:54:17,-20.5167,57.5167,77.0,83,75,3.44
163,Urumqi,CN,2021-02-05 23:53:36,43.801,87.6005,8.6,85,28,3.83
164,Ghanzi,BW,2021-02-05 23:57:55,-21.5667,21.7833,68.77,94,100,9.89
165,Port Shepstone,ZA,2021-02-05 23:57:55,-30.7414,30.455,73.69,81,59,3.18
166,Canutama,BR,2021-02-05 23:57:55,-6.5339,-64.3831,74.7,96,100,1.88
167,Richards Bay,ZA,2021-02-05 23:57:55,-28.783,32.0377,75.43,91,98,2.17
168,Narsaq,GL,2021-02-05 23:57:55,60.9167,-46.05,17.6,49,0,2.3
169,Beringovskiy,RU,2021-02-05 23:54:39,63.05,179.3167,-5.44,88,100,8.21
170,Oranjemund,NA,2021-02-05 23:57:56,-28.55,16.4333,61.92,91,3,8.66
171,Khatanga,RU,2021-02-05 23:54:07,71.9667,102.5,-33.2,79,20,7.67
172,San Quintin,MX,2021-02-05 23:57:56,30.4833,-115.95,60.64,72,0,13.42
173,Trincomalee,LK,2021-02-05 23:57:56,8.5711,81.2335,77.67,82,67,12.03
174,Casablanca,MA,2021-02-05 23:55:02,33.5928,-7.6192,55.0,93,75,6.91
175,Isangel,VU,2021-02-05 23:55:17,-19.55,169.2667,84.2,79,20,3.44
176,Handan,CN,2021-02-05 23:57:56,36.6006,114.4678,48.42,42,0,11.48
177,Bandarbeyla,SO,2021-02-05 23:57:57,9.4942,50.8122,73.47,71,17,8.95
178,Hithadhoo,MV,2021-02-05 23:54:02,-0.6,73.0833,82.2,79,100,13.29
179,Kano,NG,2021-02-05 23:56:57,12.0001,8.5167,64.4,45,0,3.44
180,Mendi,PG,2021-02-05 23:57:57,-6.1761,143.6513,66.27,69,99,2.13
181,Bathsheba,BB,2021-02-05 23:55:26,13.2167,-59.5167,78.8,65,40,18.41
182,Martapura,ID,2021-02-05 23:57:57,-3.4167,114.85,75.2,94,20,3.44
183,Carira,BR,2021-02-05 23:57:57,-10.3608,-37.7011,76.01,74,40,12.91
184,Constitucion,CL,2021-02-05 23:55:56,-35.3333,-72.4167,58.01,87,18,1.59
185,Diego De Almagro,CL,2021-02-05 23:57:58,-26.3667,-70.05,65.34,38,0,4.05
186,Borba,BR,2021-02-05 23:57:58,-4.3878,-59.5939,78.82,84,59,1.88
187,Xai-Xai,MZ,2021-02-05 23:57:58,-25.0519,33.6442,77.34,87,99,6.33
188,Dickinson,US,2021-02-05 23:57:58,29.4608,-95.0513,53.01,81,90,11.5
189,Port Hardy,CA,2021-02-05 23:55:51,50.6996,-127.4199,44.6,70,75,8.05
190,Bua Yai,TH,2021-02-05 23:57:59,15.5855,102.4259,62.62,84,0,6.89
191,Batemans Bay,AU,2021-02-05 23:57:59,-35.7167,150.1833,72.0,90,100,14.0
192,Faanui,PF,2021-02-05 23:54:47,-16.4833,-151.75,81.57,63,2,3.91
193,Provideniya,RU,2021-02-05 23:54:41,64.3833,-173.3,8.22,92,100,11.05
194,Bukama,CD,2021-02-05 23:57:59,-9.2,25.85,71.2,93,99,2.01
195,Ostrovnoy,RU,2021-02-05 23:57:59,68.0531,39.5131,13.75,91,100,11.34
196,Ketchikan,US,2021-02-05 23:54:33,55.3422,-131.6461,37.4,87,90,4.61
197,Arman,RU,2021-02-05 23:58:00,59.7,150.1667,-5.35,82,72,11.05
198,Mazamari,PE,2021-02-05 23:58:00,-11.3258,-74.5308,72.7,82,100,0.89
199,Diu,IN,2021-02-05 23:58:00,20.7141,70.9822,67.53,27,0,17.85
200,Peniche,PT,2021-02-05 23:56:10,39.3558,-9.3811,54.0,88,90,10.0
201,Jardim,BR,2021-02-05 23:58:00,-21.4803,-56.1381,70.97,78,13,4.14
202,Ondjiva,AO,2021-02-05 23:58:01,-17.0667,15.7333,74.19,50,66,5.75
203,Duncan,US,2021-02-05 23:56:24,34.5023,-97.9578,54.0,24,90,5.75
204,Ponta Delgada,PT,2021-02-05 23:58:01,37.7333,-25.6667,57.0,94,75,4.61
205,Lompoc,US,2021-02-05 23:54:16,34.6391,-120.4579,68.0,40,1,16.11
206,Doha,QA,2021-02-05 23:58:01,25.2867,51.5333,69.8,83,0,12.66
207,Huarmey,PE,2021-02-05 23:55:52,-10.0681,-78.1522,71.47,74,87,8.59
208,Novo Aripuana,BR,2021-02-05 23:58:01,-5.1206,-60.3797,76.66,94,95,1.9
209,Norman Wells,CA,2021-02-05 23:55:15,65.282,-126.8329,-27.4,68,75,2.3
210,Tiznit,MA,2021-02-05 23:58:02,29.5833,-9.5,50.43,78,71,7.4
211,Zhigansk,RU,2021-02-05 23:58:02,66.7697,123.3711,-42.92,76,53,4.52
212,Harare,ZW,2021-02-05 23:58:02,-17.8294,31.0539,66.0,85,64,1.99
213,Moron,AR,2021-02-05 23:54:38,-34.6534,-58.6198,73.0,66,0,3.0
214,Anadyr,RU,2021-02-05 23:58:02,64.75,177.4833,0.0,85,75,15.66
215,Carmen,MX,2021-02-05 23:54:49,18.6333,-91.8333,86.0,48,1,9.22
216,Husavik,IS,2021-02-05 23:56:00,66.0449,-17.3389,24.8,68,0,2.3
217,Deputatskiy,RU,2021-02-05 23:58:03,69.3,139.9,-24.2,88,92,2.13
218,Yarada,IN,2021-02-05 23:58:03,17.65,83.2667,62.6,88,0,2.3
219,Atar,MR,2021-02-05 23:58:03,20.5169,-13.0499,60.58,51,85,12.21
220,Alofi,NU,2021-02-05 23:58:04,-19.0595,-169.9187,78.8,89,100,14.97
221,Vila Velha,BR,2021-02-05 23:54:15,-20.3297,-40.2925,82.4,74,75,11.5
222,Lethem,GY,2021-02-05 23:58:04,3.3803,-59.7968,80.96,60,17,9.04
223,Panama City,PA,2021-02-05 23:55:49,8.9936,-79.5197,86.0,70,20,13.8
224,La Ronge,CA,2021-02-05 23:58:04,55.1001,-105.2842,-18.4,63,94,12.66
225,Guerrero Negro,MX,2021-02-05 23:54:07,27.9769,-114.0611,64.94,49,0,17.81
226,Matraderecske,HU,2021-02-05 23:58:04,47.95,20.0833,37.76,91,96,2.95
227,Fortuna,US,2021-02-05 23:54:54,40.5982,-124.1573,52.0,93,90,19.57
228,Goure,NE,2021-02-05 23:58:05,13.9835,10.2704,69.01,19,0,10.0
229,San Juan,AR,2021-02-05 23:58:05,-31.5375,-68.5364,86.05,22,0,11.52
230,Agua Verde,MX,2021-02-05 23:58:05,22.9,-106.05,77.0,53,20,9.22
231,Maricka,BA,2021-02-05 23:58:05,44.8686,16.8406,42.8,93,100,1.14
232,Shache,CN,2021-02-05 23:58:05,38.4167,77.2406,25.68,88,22,0.4
233,Matagami,CA,2021-02-05 23:58:05,49.7502,-77.6328,28.4,93,90,16.11
234,Margate,GB,2021-02-05 23:53:19,51.3813,1.3862,44.01,91,30,6.31
235,Limbang,MY,2021-02-05 23:55:01,4.75,115.0,78.8,94,75,2.3
236,Kurchum,KZ,2021-02-05 23:58:06,48.5722,83.6542,18.39,95,100,2.01
237,Road Town,VG,2021-02-05 23:58:06,18.4167,-64.6167,78.8,73,40,8.05
238,Khanpur,PK,2021-02-05 23:58:06,28.6453,70.6567,48.29,59,0,2.15
239,Saint-Leu,RE,2021-02-05 23:58:06,-21.15,55.2833,75.99,58,32,2.84
240,Lazaro Cardenas,MX,2021-02-05 23:58:06,17.9583,-102.2,78.93,67,1,5.35
241,Arraial Do Cabo,BR,2021-02-05 23:54:51,-22.9661,-42.0278,75.97,93,100,7.99
242,Port Macquarie,AU,2021-02-05 23:58:06,-31.4333,152.9167,84.0,56,94,1.99
243,Ashland,US,2021-02-05 23:58:07,40.8167,-82.2665,26.6,68,90,19.57
244,Sinnamary,GF,2021-02-05 23:58:07,5.3833,-52.95,77.52,86,80,15.19
245,Hondo,JP,2021-02-05 23:58:07,32.45,130.2,46.4,93,75,2.3
246,Srednekolymsk,RU,2021-02-05 23:58:07,67.45,153.6833,-23.48,84,6,0.54
247,Victor Harbor,AU,2021-02-05 23:58:07,-35.5667,138.6167,64.99,83,11,8.01
248,Iraray,PH,2021-02-05 23:58:07,8.9936,118.0511,79.83,81,100,9.15
249,Marsaxlokk,MT,2021-02-05 23:58:08,35.8419,14.5431,60.01,94,0,8.05
250,Bilibino,RU,2021-02-05 23:58:08,68.0546,166.4372,-11.06,77,30,4.03
251,Dingle,PH,2021-02-05 23:55:38,10.9995,122.6711,78.84,85,91,10.36
252,Ilulissat,GL,2021-02-05 23:54:06,69.2167,-51.1,8.6,36,2,11.5
253,Morant Bay,JM,2021-02-05 23:58:08,17.8815,-76.4093,82.4,74,20,19.57
254,Bowen,AU,2021-02-05 23:56:28,-20.0167,148.2333,82.4,69,40,2.3
255,Faya,SA,2021-02-05 23:58:08,18.3851,42.4509,55.4,43,0,16.11
256,Sibolga,ID,2021-02-05 23:58:08,1.7427,98.7792,75.22,80,85,4.23
257,Klaksvik,FO,2021-02-05 23:58:09,62.2266,-6.589,32.0,100,75,14.97
258,Luganville,VU,2021-02-05 23:58:09,-15.5333,167.1667,85.48,64,88,3.69
259,Torbay,CA,2021-02-05 23:54:51,47.6666,-52.7314,36.0,100,90,23.02
260,Auki,SB,2021-02-05 23:58:09,-8.7676,160.7034,82.87,76,79,9.78
261,Ancud,CL,2021-02-05 23:55:13,-41.8697,-73.8203,78.8,38,0,14.97
262,Kukmor,RU,2021-02-05 23:58:07,56.1855,50.8944,17.46,96,99,13.38
263,Revda,RU,2021-02-05 23:58:09,56.801,59.9303,35.6,93,0,11.18
264,Taoudenni,ML,2021-02-05 23:58:10,22.6783,-3.9836,77.2,19,94,10.31
265,Namibe,AO,2021-02-05 23:58:10,-15.1961,12.1522,71.24,78,39,6.31
266,Pacific Grove,US,2021-02-05 23:54:00,36.6177,-121.9166,57.2,62,1,6.91
267,Agadez,NE,2021-02-05 23:58:10,19.75,10.25,55.26,37,0,1.61
268,Pervomayskoye,RU,2021-02-05 23:58:11,43.919,46.7102,38.39,68,96,17.27
269,Bar Harbor,US,2021-02-05 23:58:11,44.3876,-68.2039,41.0,100,90,6.91
270,Chuy,UY,2021-02-05 23:58:11,-33.6971,-53.4616,61.41,81,24,7.14
271,Fernley,US,2021-02-05 23:58:11,39.608,-119.2518,53.01,34,0,5.01
272,Santa Cruz,BO,2021-02-05 23:54:04,-17.8,-63.1667,84.2,51,75,4.61
273,Cayenne,GF,2021-02-05 23:58:11,4.9333,-52.3333,77.0,100,75,4.61
274,Shiyan,CN,2021-02-05 23:58:11,32.6475,110.7781,46.06,55,86,3.38
275,Marsa Matruh,EG,2021-02-05 23:58:12,31.3525,27.2453,59.0,77,40,6.91
276,Kruisfontein,ZA,2021-02-05 23:58:12,-34.0033,24.7314,72.0,86,10,1.99
277,Kyra,RU,2021-02-05 23:58:12,49.5776,111.9753,-7.82,83,27,5.5
278,Kapuskasing,CA,2021-02-05 23:58:12,49.4169,-82.4331,30.2,86,90,18.41
279,Natal,BR,2021-02-05 23:58:12,-5.795,-35.2094,78.8,78,0,5.75
280,Alenquer,BR,2021-02-05 23:58:13,-1.9417,-54.7383,80.6,83,20,4.61
281,Alihe,CN,2021-02-05 23:58:13,50.5667,123.7167,-13.23,83,10,3.65
282,Kaili,ID,2021-02-05 23:58:13,-3.4626,120.2147,72.5,84,99,0.65
283,Belaya Gora,RU,2021-02-05 23:58:13,68.5333,146.4167,-17.21,89,100,4.9
284,Istok,XK,2021-02-05 23:58:13,42.7808,20.4875,46.0,87,0,1.61
285,Namatanai,PG,2021-02-05 23:54:29,-3.6667,152.4333,76.93,89,100,8.61
286,Iskateley,RU,2021-02-05 23:58:13,67.6803,53.1512,-10.95,90,75,11.25
287,Berlevag,NO,2021-02-05 23:58:14,70.8578,29.0864,24.8,86,75,26.46
288,Boa Vista,BR,2021-02-05 23:58:14,2.8197,-60.6733,82.4,65,20,6.91
289,Port Hedland,AU,2021-02-05 23:58:14,-20.3167,118.5667,78.8,89,40,5.75
290,Sinawilan,PH,2021-02-05 23:58:14,6.7544,125.2464,77.0,100,40,5.75
291,Itarema,BR,2021-02-05 23:54:46,-2.9248,-39.9167,78.04,82,14,11.65
292,Santa Marta,CO,2021-02-05 23:53:27,11.2408,-74.199,86.0,68,74,10.0
293,Zhigalovo,RU,2021-02-05 23:58:15,54.8097,105.1578,2.08,91,99,3.24
294,San Juan De Abajo,MX,2021-02-05 23:58:15,20.8167,-105.1833,75.2,69,1,9.22
295,Ulaangom,MN,2021-02-05 23:58:15,49.9811,92.0667,-3.1,89,100,0.4
296,Pevek,RU,2021-02-05 23:54:17,69.7008,170.3133,-16.29,85,25,1.07
297,Beyneu,KZ,2021-02-05 23:55:16,45.3167,55.2,40.41,91,99,17.6
298,Sistranda,NO,2021-02-05 23:58:15,63.7256,8.834,21.2,86,20,12.66
299,Edgewater,US,2021-02-05 23:58:15,28.9889,-80.9023,73.4,49,75,3.44
300,Ayagoz,KZ,2021-02-05 23:58:15,47.9714,80.4392,19.96,90,100,3.87
301,Hov,NO,2021-02-05 23:58:16,60.6987,10.3519,12.0,85,75,4.61
302,Schoonhoven,NL,2021-02-05 23:58:16,51.9475,4.8486,45.0,97,96,4.92
303,Edea,CM,2021-02-05 23:58:16,3.8,10.1333,80.6,94,40,2.3
304,Saucillo,MX,2021-02-05 23:58:16,28.0167,-105.2833,74.05,17,0,4.05
305,Mayumba,GA,2021-02-05 23:58:16,-3.432,10.6554,78.64,83,78,2.84
306,Coro,VE,2021-02-05 23:58:17,11.4045,-69.6734,76.5,80,82,17.13
307,Bundaberg,AU,2021-02-05 23:58:17,-24.85,152.35,87.01,57,75,4.61
308,Noumea,NC,2021-02-05 23:58:17,-22.2763,166.4572,84.99,70,40,3.44
309,Fallon,US,2021-02-05 23:56:38,39.4735,-118.7774,55.4,26,20,10.36
310,Talnakh,RU,2021-02-05 23:54:38,69.4865,88.3972,-27.47,83,84,4.56
311,Pochutla,MX,2021-02-05 23:58:17,15.7432,-96.4661,79.0,78,75,12.66
312,Buala,SB,2021-02-05 23:55:00,-8.145,159.5921,86.18,64,40,10.13
313,Kanker,IN,2021-02-05 23:58:18,20.2719,81.4931,59.83,31,0,4.63
314,Puerto Narino,CO,2021-02-05 23:58:18,-3.7703,-70.3831,73.4,100,75,2.3
315,Ahuimanu,US,2021-02-05 23:58:18,21.4447,-157.8378,75.2,60,90,8.05
316,Pogranichnyy,RU,2021-02-05 23:58:18,44.4064,131.3769,14.81,92,100,1.36
317,Begusarai,IN,2021-02-05 23:58:18,25.4167,86.1333,53.73,69,32,7.38
318,Gizycko,PL,2021-02-05 23:58:18,54.0381,21.7644,12.31,97,55,6.44
319,Axim,GH,2021-02-05 23:55:06,4.8699,-2.2405,79.72,87,10,9.26
320,Nemuro,JP,2021-02-05 23:54:48,43.3236,145.575,21.2,79,75,1.14
321,Upernavik,GL,2021-02-05 23:58:19,72.7868,-56.1549,3.45,70,59,5.55
322,Tezu,IN,2021-02-05 23:58:19,27.9167,96.1667,60.22,29,23,3.91
323,Aras,ES,2021-02-05 23:58:19,42.5617,-2.356,51.8,82,0,6.91
324,Nago,JP,2021-02-05 23:55:12,26.5881,127.9761,68.0,88,1,4.18
325,Kieta,PG,2021-02-05 23:54:13,-6.2167,155.6333,84.67,71,46,7.38
326,Colac,AU,2021-02-05 23:58:19,-38.3333,143.5833,63.0,87,34,1.99
327,Merauke,ID,2021-02-05 23:55:05,-8.4667,140.3333,83.64,77,98,17.58
328,Nitra,SK,2021-02-05 23:58:20,48.3076,18.0845,45.0,93,90,4.61
329,Kasongo-Lunda,CD,2021-02-05 23:58:20,-6.4667,16.8167,71.98,88,100,0.2
330,Bambous Virieux,MU,2021-02-05 23:54:00,-20.3428,57.7575,77.0,83,75,3.44
331,Broome,US,2021-02-05 23:58:20,42.2506,-75.833,33.8,47,20,18.41
332,Vaitape,PF,2021-02-05 23:58:20,-16.5167,-151.75,81.66,63,1,3.89
333,Cairns,AU,2021-02-05 23:56:05,-16.9167,145.7667,81.0,89,75,5.75
334,Eureka,US,2021-02-05 23:54:26,40.8021,-124.1637,57.0,83,1,10.0
335,Benjamin Constant,BR,2021-02-05 23:58:21,-4.3831,-70.0311,73.4,100,75,2.3
336,Tukums,LV,2021-02-05 23:58:21,56.9669,23.1553,8.6,92,90,5.91
337,Shimoda,JP,2021-02-05 23:58:21,34.6667,138.95,55.4,41,40,12.66
338,Pulivendla,IN,2021-02-05 23:58:21,14.4167,78.2333,64.67,72,23,4.83
339,Pisco,PE,2021-02-05 23:58:21,-13.7,-76.2167,71.6,83,0,17.27
340,Arhus,DK,2021-02-05 23:58:21,56.1567,10.2108,25.0,74,75,12.66
341,Mayo,US,2021-02-05 23:58:22,38.8876,-76.5119,48.2,53,90,13.8
342,Springbok,ZA,2021-02-05 23:58:22,-29.6643,17.8865,62.91,58,0,3.15
343,Gladstone,AU,2021-02-05 23:58:22,-23.85,151.25,82.4,57,90,6.91
344,Sawtell,AU,2021-02-05 23:58:22,-30.3833,153.1,80.6,61,75,11.5
345,Adrar,MR,2021-02-05 23:58:22,20.5022,-10.0711,61.48,34,49,9.04
346,Tocopilla,CL,2021-02-05 23:58:23,-22.092,-70.1979,68.31,62,83,4.16
347,La Asuncion,VE,2021-02-05 23:58:23,11.0333,-63.8628,76.89,82,40,17.07
348,Ifakara,TZ,2021-02-05 23:58:23,-8.1333,36.6833,72.14,91,31,1.23
349,Olafsvik,IS,2021-02-05 23:55:00,64.8945,-23.7142,38.16,78,92,25.57
350,Vila Do Maio,CV,2021-02-05 23:58:23,15.1333,-23.2167,68.0,68,40,20.71
351,Itoman,JP,2021-02-05 23:58:24,26.1247,127.6694,68.0,68,20,3.44
352,Ewa Beach,US,2021-02-05 23:58:24,21.3156,-158.0072,78.8,44,1,12.66
353,Masuguru,TZ,2021-02-05 23:58:24,-11.3667,38.4167,73.18,96,70,1.99
354,Anderson,US,2021-02-05 23:53:58,34.5334,-82.6499,51.8,25,1,11.5
355,Skibbereen,IE,2021-02-05 23:58:24,51.55,-9.2667,41.0,93,75,6.91
356,Elat,IL,2021-02-05 23:56:27,29.5581,34.9482,59.0,100,75,4.61
357,Morondava,MG,2021-02-05 23:58:25,-20.2833,44.2833,81.48,83,100,4.12
358,Ronne,DK,2021-02-05 23:58:25,55.1009,14.7066,26.6,80,90,6.91
359,Naze,JP,2021-02-05 23:55:39,28.3667,129.4833,64.4,72,20,9.22
360,Balkhash,KZ,2021-02-05 23:58:25,46.844,74.9804,21.74,98,99,6.33
361,Kyshtovka,RU,2021-02-05 23:58:25,56.555,76.6271,23.47,98,91,8.25
362,Cockburn Town,TC,2021-02-05 23:58:25,21.4612,-71.1419,76.98,83,1,19.17
363,Avila,ES,2021-02-05 23:55:24,40.5833,-5.0,42.01,88,99,1.01
364,Kaduqli,SD,2021-02-05 23:58:26,11.0167,29.7167,65.37,26,16,15.35
365,Kovdor,RU,2021-02-05 23:58:26,67.5662,30.4758,8.67,96,97,4.34
366,Broken Hill,AU,2021-02-05 23:58:26,-31.95,141.4333,69.8,52,0,18.41
367,Gilbues,BR,2021-02-05 23:58:26,-9.8317,-45.3439,76.86,78,96,3.44
368,Chumikan,RU,2021-02-05 23:58:26,54.7183,135.315,-12.41,87,100,13.53
369,Marhaura,IN,2021-02-05 23:58:26,25.9667,84.8667,59.0,77,90,4.61
370,Shakawe,BW,2021-02-05 23:58:27,-18.3667,21.85,69.49,91,100,2.55
371,Port-Cartier,CA,2021-02-05 23:58:27,50.0334,-66.8654,33.01,93,100,8.05
372,Biltine,TD,2021-02-05 23:58:27,14.5333,20.9167,62.76,27,0,17.72
373,Buckeye,US,2021-02-05 23:58:27,33.3703,-112.5838,70.0,14,0,9.22
374,Caconda,AO,2021-02-05 23:58:27,-13.7333,15.0667,62.13,73,92,3.38
375,Hami,CN,2021-02-05 23:58:28,42.8,93.45,27.61,85,81,4.61
376,Guymon,US,2021-02-05 23:58:28,36.6828,-101.4816,48.2,27,1,3.44
377,Borovoy,RU,2021-02-05 23:58:28,55.4333,86.0833,15.8,86,90,6.71
378,San Policarpo,PH,2021-02-05 23:55:58,12.1791,125.5072,81.3,81,69,10.51
379,Mitzic,GA,2021-02-05 23:58:28,0.7821,11.549,70.84,94,64,4.07
380,Nouakchott,MR,2021-02-05 23:58:28,18.0858,-15.9785,64.4,77,76,18.41
381,Semey,KZ,2021-02-05 23:58:28,50.4111,80.2275,19.4,86,0,6.71
382,Kendari,ID,2021-02-05 23:54:27,-3.945,122.4989,80.74,80,31,1.79
383,Gambela,ET,2021-02-05 23:58:29,8.25,34.5833,78.17,21,6,1.99
384,Jalu,LY,2021-02-05 23:58:29,29.0331,21.5482,52.75,63,0,2.77
385,Vadso,NO,2021-02-05 23:58:29,70.0744,29.7487,24.8,79,75,12.66
386,Parabel,RU,2021-02-05 23:58:29,58.6978,81.4825,11.48,96,100,6.78
387,Catacamas,HN,2021-02-05 23:58:29,14.8,-85.9,80.6,61,40,4.92
388,Codrington,AU,2021-02-05 23:54:00,-38.2667,141.9667,63.79,70,17,15.7
389,Kholtoson,RU,2021-02-05 23:58:30,50.2981,103.3097,-9.65,86,45,2.35
390,Lerum,SE,2021-02-05 23:58:30,57.7745,12.2697,17.01,85,0,6.91
391,Chapais,CA,2021-02-05 23:58:30,49.7834,-74.8492,23.0,80,90,12.66
392,Los Llanos De Aridane,ES,2021-02-05 23:54:23,28.6585,-17.9182,60.8,48,0,14.97
393,Havoysund,NO,2021-02-05 23:58:30,70.9963,24.6622,30.2,64,75,14.97
394,Jerez,GT,2021-02-05 23:58:31,14.1,-89.75,84.2,42,0,4.61
395,Petropavlovsk-Kamchatskiy,RU,2021-02-05 23:58:31,53.0452,158.6483,-0.4,65,100,8.95
396,Necochea,AR,2021-02-05 23:58:31,-38.5473,-58.7368,78.01,42,0,3.0
397,Isabela,PH,2021-02-05 23:58:31,6.7085,121.9711,77.0,88,75,2.3
398,Vila Franca Do Campo,PT,2021-02-05 23:55:02,37.7167,-25.4333,55.99,94,75,4.61
399,Belle Fourche,US,2021-02-05 23:58:31,44.6714,-103.8522,24.01,79,90,6.73
400,Houma,US,2021-02-05 23:58:31,29.5958,-90.7195,48.99,71,90,16.11
401,Gat,IL,2021-02-05 23:58:32,31.61,34.7642,59.0,100,39,2.39
402,Storsteinnes,NO,2021-02-05 23:58:32,69.2408,19.2344,28.4,86,100,8.05
403,Tessalit,ML,2021-02-05 23:58:32,20.1986,1.0114,71.94,18,77,15.08
404,Grand Gaube,MU,2021-02-05 23:55:15,-20.0064,57.6608,75.99,80,11,3.0
405,Mnogovershinnyy,RU,2021-02-05 23:58:32,53.9353,139.9242,-10.91,91,98,4.76
406,Wanning,CN,2021-02-05 23:55:11,18.8003,110.3967,67.73,88,47,5.35
407,Hope,US,2021-02-05 23:58:32,33.6671,-93.5916,53.01,27,43,1.99
408,Thyboron,DK,2021-02-05 23:58:33,56.6985,8.2124,24.01,82,55,10.0
409,Hengyang,CN,2021-02-05 23:58:33,26.8881,112.615,49.35,81,0,2.35
410,Tessaoua,NE,2021-02-05 23:58:33,13.7574,7.9874,67.26,23,0,10.29
411,Noyabrsk,RU,2021-02-05 23:58:33,63.1994,75.4507,5.68,95,100,11.95
412,Marawi,PH,2021-02-05 23:58:33,7.9986,124.2928,72.07,75,93,1.05
413,Parfenyevo,RU,2021-02-05 23:58:33,58.484,43.4088,-0.2,92,100,9.04
414,Yulara,AU,2021-02-05 23:55:22,-25.2406,130.9889,73.4,28,28,16.11
415,Jijiga,ET,2021-02-05 23:58:34,9.35,42.8,55.58,42,0,2.08
416,Asau,RO,2021-02-05 23:58:34,46.4333,26.4,34.0,74,100,1.16
417,Mitsamiouli,KM,2021-02-05 23:58:34,-11.3847,43.2844,82.54,71,16,2.82
418,Coihaique,CL,2021-02-05 23:55:24,-45.5752,-72.0662,67.41,69,0,4.25
419,Novi Knezevac,RS,2021-02-05 23:58:34,46.05,20.1,50.13,79,83,7.29
420,Zhangye,CN,2021-02-05 23:58:34,38.9342,100.4517,25.68,70,0,6.67
421,Visby,SE,2021-02-05 23:58:34,57.6409,18.296,21.2,93,75,3.44
422,Zastron,ZA,2021-02-05 23:58:35,-30.3023,27.084,64.58,64,10,2.33
423,Vostok,RU,2021-02-05 23:55:11,46.4856,135.8833,3.34,94,100,2.84
424,Emerald,AU,2021-02-05 23:58:35,-23.5333,148.1667,84.99,58,40,11.5
425,Moerai,PF,2021-02-05 23:58:35,-22.4333,-151.3333,81.03,71,6,11.59
426,Fayaoue,NC,2021-02-05 23:58:35,-20.65,166.5333,80.2,80,0,11.83
427,Cabadiangan,PH,2021-02-05 23:58:36,9.7531,122.4739,80.82,72,38,8.75
428,Constantine,DZ,2021-02-05 23:58:36,36.365,6.6147,60.8,29,0,13.8
429,Mezen,RU,2021-02-05 23:55:56,65.8522,44.24,-4.29,90,58,9.15
430,Marang,MY,2021-02-05 23:58:36,5.2056,103.2059,78.8,83,40,3.44
431,Solenzo,BF,2021-02-05 23:58:36,12.1833,-4.0833,78.55,17,21,2.01
432,Eganville,CA,2021-02-05 23:58:36,45.5334,-77.0994,28.4,74,90,9.22
433,Lanas,PH,2021-02-05 23:58:36,12.0495,121.9185,79.9,83,71,13.18
434,Give,DK,2021-02-05 23:58:37,55.8398,9.25,25.0,80,15,18.41
435,Obihiro,JP,2021-02-05 23:56:09,42.9172,143.2044,15.8,73,75,2.3
436,Severo-Kurilsk,RU,2021-02-05 23:58:37,50.6789,156.125,15.58,82,69,5.32
437,Beloha,MG,2021-02-05 23:54:03,-25.1667,45.05,75.06,94,95,3.6
438,Luderitz,NA,2021-02-05 23:58:37,-26.6481,15.1594,70.75,51,0,20.22
439,Murom,RU,2021-02-05 23:58:37,55.5656,42.0417,-2.67,92,92,9.53
440,Mahibadhoo,MV,2021-02-05 23:58:38,3.7833,72.9667,81.03,73,89,9.75
441,Ajdabiya,LY,2021-02-05 23:54:40,30.7554,20.2263,58.71,60,5,5.1
442,Manggar,ID,2021-02-05 23:58:38,-2.8833,108.2667,80.46,80,80,14.18
443,Doka,SD,2021-02-05 23:58:38,13.5167,35.7667,60.62,30,1,13.78
444,Northam,GB,2021-02-05 23:58:38,51.0333,-4.2167,39.0,93,59,5.99
445,Vozhega,RU,2021-02-05 23:58:38,60.4725,40.2213,-4.11,91,100,7.92
446,Evensk,RU,2021-02-05 23:58:39,61.95,159.2333,-1.32,90,100,14.29
447,Chauk,MM,2021-02-05 23:58:39,20.8833,94.8167,61.72,45,4,0.78
448,Alice Springs,AU,2021-02-05 23:54:46,-23.7,133.8833,80.01,31,90,14.97
449,Tres Lagoas,BR,2021-02-05 23:58:39,-20.7511,-51.6783,73.8,77,32,5.66
450,Ahipara,NZ,2021-02-05 23:55:35,-35.1667,173.1667,71.17,65,100,3.62
451,Rorvik,NO,2021-02-05 23:58:39,64.8621,11.2373,24.76,91,15,6.67
452,Komsomolskiy,UZ,2021-02-05 23:54:17,40.4272,71.7189,41.0,42,100,6.91
453,Nyangao,TZ,2021-02-05 23:58:40,-10.3333,39.2833,71.55,90,42,1.66
454,Hamilton,US,2021-02-05 23:58:40,39.1834,-84.5333,35.6,48,20,12.66
455,Coquimbo,CL,2021-02-05 23:54:08,-29.9533,-71.3436,62.6,82,40,11.5
456,Mogadishu,SO,2021-02-05 23:58:40,2.0371,45.3438,75.07,86,16,15.32
457,Jipijapa,EC,2021-02-05 23:58:40,-1.3333,-80.5833,80.6,74,75,6.91
458,Uglovskoye,RU,2021-02-05 23:58:40,51.3557,80.1942,27.88,98,92,6.24
459,General Roca,AR,2021-02-05 23:58:41,-39.0333,-67.5833,96.8,20,0,8.05
460,Saint-Francois,FR,2021-02-05 23:58:41,46.4154,3.9054,45.0,100,75,2.3
461,Cap Malheureux,MU,2021-02-05 23:58:41,-19.9842,57.6142,75.99,80,4,3.0
462,Nome,US,2021-02-05 23:56:12,64.5011,-165.4064,15.8,79,90,28.77
463,Hot Springs,US,2021-02-05 23:58:41,34.5037,-93.0552,55.4,26,1,6.91
464,Muktsar,IN,2021-02-05 23:58:41,30.4833,74.5167,47.84,78,0,1.43
465,Laguna,US,2021-02-05 23:58:42,38.421,-121.4238,62.6,39,1,3.44
466,Pringsewu,ID,2021-02-05 23:58:42,-5.3582,104.9744,73.83,92,97,3.2
467,Kidal,ML,2021-02-05 23:58:42,18.4411,1.4078,71.04,19,80,12.39
468,Harjavalta,FI,2021-02-05 23:58:42,61.3167,22.1333,8.6,78,0,8.05
469,Santa Elena,EC,2021-02-05 23:58:42,-2.2333,-80.85,80.6,74,0,9.22
470,Havelock,US,2021-02-05 23:58:42,34.8791,-76.9013,53.6,100,90,8.05
471,Sakaraha,MG,2021-02-05 23:58:42,-22.9,44.5333,72.3,96,100,1.07
472,Kincardine,GB,2021-02-05 23:58:43,56.0667,-3.7167,39.2,93,90,17.27
473,Anloga,GH,2021-02-05 23:58:43,5.7947,0.8973,84.2,84,20,6.91
474,Sol-Iletsk,RU,2021-02-05 23:58:43,51.1631,54.9918,33.82,97,100,12.8
475,Jiaocheng,CN,2021-02-05 23:58:43,24.6774,116.1389,59.76,66,0,1.52
476,Moctezuma,MX,2021-02-05 23:58:43,29.8,-109.6667,72.99,21,0,5.75
477,Igrim,RU,2021-02-05 23:55:21,63.1906,64.4162,-1.08,93,99,9.75
478,Paamiut,GL,2021-02-05 23:58:44,61.994,-49.6678,20.86,76,7,6.49
479,Luwuk,ID,2021-02-05 23:58:44,-0.9516,122.7875,80.78,69,100,2.06
480,Curillo,CO,2021-02-05 23:58:44,1.0333,-75.9191,76.14,86,62,0.76
481,Ihosy,MG,2021-02-05 23:58:44,-22.4,46.1167,71.02,90,100,1.3
482,Bose,IT,2021-02-05 23:58:44,45.4612,8.0137,46.0,97,85,0.29
483,Bodden Town,KY,2021-02-05 23:58:44,19.2833,-81.25,79.0,89,75,10.36
484,Nanaimo,CA,2021-02-05 23:54:00,49.1663,-123.936,50.0,87,89,10.36
485,Omboue,GA,2021-02-05 23:58:45,-1.5746,9.2618,79.18,88,100,4.07
486,Tagusao,PH,2021-02-05 23:58:45,9.1924,117.8141,79.74,81,100,4.18
487,Bubaque,GW,2021-02-05 23:58:45,11.2833,-15.8333,78.4,63,94,17.52
488,Mount Isa,AU,2021-02-05 23:54:14,-20.7333,139.5,84.2,48,100,11.5
489,Tarauaca,BR,2021-02-05 23:58:45,-8.1614,-70.7656,73.33,98,97,2.77
490,Udachnyy,RU,2021-02-05 23:56:06,66.4167,112.4,-37.62,78,25,2.15
491,Perdoes,BR,2021-02-05 23:58:46,-21.0908,-45.0914,70.54,90,98,5.66
492,Lichinga,MZ,2021-02-05 23:58:46,-13.3128,35.2406,66.2,94,75,4.61
493,Sarishabari,BD,2021-02-05 23:58:46,24.7333,89.8333,64.24,60,0,2.13
494,College,US,2021-02-05 23:55:42,64.8569,-147.8028,-5.8,70,75,3.44
495,Kalmunai,LK,2021-02-05 23:55:12,7.4167,81.8167,75.63,88,94,8.19
496,Tombouctou,ML,2021-02-05 23:58:46,20.0,-3.0,79.72,15,100,10.56
497,Karatau,KZ,2021-02-05 23:58:47,43.1667,70.4667,39.15,64,100,5.3
498,Panlaitan,PH,2021-02-05 23:58:47,12.1191,119.8486,81.25,74,47,4.85
499,Kudahuvadhoo,MV,2021-02-05 23:58:47,2.6708,72.8944,80.94,75,100,9.17
500,Sao Felix Do Xingu,BR,2021-02-05 23:58:47,-6.6447,-51.995,74.61,92,98,1.66
501,Poprad,SK,2021-02-05 23:58:47,49.0614,20.298,32.0,93,90,4.61
502,Yar-Sale,RU,2021-02-05 23:58:47,66.8333,70.8333,-18.06,88,100,11.01
503,Gimli,CA,2021-02-05 23:56:06,50.6336,-96.9907,-4.0,65,100,14.97
504,Diamantino,BR,2021-02-05 23:58:47,-14.4086,-56.4461,76.46,85,87,3.51
505,Xambioa,BR,2021-02-05 23:58:48,-6.4111,-48.5364,76.1,91,84,2.44
506,Dunda,TZ,2021-02-05 23:58:48,-8.1167,34.25,64.09,95,71,3.2
507,Buenos Aires,AR,2021-02-05 23:54:46,-34.6132,-58.3772,73.0,83,0,10.36
508,Tazmalt,DZ,2021-02-05 23:58:48,36.3868,4.3989,55.78,41,21,7.85
509,Sambava,MG,2021-02-05 23:58:48,-14.2667,50.1667,75.79,87,30,5.39
510,Antananarivo,MG,2021-02-05 23:58:49,-18.9137,47.5361,64.4,94,40,3.44
511,Yumen,CN,2021-02-05 23:58:49,40.2833,97.2,29.66,71,100,17.27
512,Tutoia,BR,2021-02-05 23:58:49,-2.7619,-42.2744,79.95,75,5,14.56
513,Wilmington,US,2021-02-05 23:56:57,34.2257,-77.9447,53.6,94,90,6.91
514,Saldanha,ZA,2021-02-05 23:58:49,-33.0117,17.9442,62.6,88,0,6.91
515,Estrela,BR,2021-02-05 23:58:50,-28.0611,-50.9383,54.43,94,1,3.74
516,Chicama,PE,2021-02-05 23:58:50,-7.8447,-79.1469,69.8,88,75,8.05
517,Arona,ES,2021-02-05 23:58:50,28.0996,-16.681,57.99,76,20,8.05
518,Yeppoon,AU,2021-02-05 23:58:50,-23.1333,150.7333,86.0,51,39,6.91
519,Saint-Joseph,RE,2021-02-05 23:54:20,-21.3667,55.6167,78.8,65,0,6.91
520,Bitung,ID,2021-02-05 23:58:50,1.4451,125.1824,77.0,94,20,2.3
521,Muros,ES,2021-02-05 23:58:51,42.7762,-9.0603,51.01,79,100,5.99
522,Waddan,LY,2021-02-05 23:58:51,29.1614,16.139,60.67,33,100,7.16
523,Jinzhou,CN,2021-02-05 23:58:51,41.1078,121.1417,28.92,92,5,5.1
524,San Isidro,PE,2021-02-05 23:58:51,-12.1167,-77.05,71.01,83,0,11.5
525,Troitsko-Pechorsk,RU,2021-02-05 23:54:56,62.7084,56.1964,4.75,94,100,11.61
526,Haines Junction,CA,2021-02-05 23:58:51,60.7522,-137.5108,-5.8,59,99,1.28
527,Yerbogachen,RU,2021-02-05 23:58:51,61.2767,108.0108,-8.14,91,100,3.22
528,Pithora,IN,2021-02-05 23:58:51,21.2667,82.5167,55.36,40,18,0.81
529,Bedele,ET,2021-02-05 23:58:52,8.456,36.353,52.63,44,4,2.1
530,Biloela,AU,2021-02-05 23:58:52,-24.4167,150.5,83.97,46,0,3.09
531,Henties Bay,NA,2021-02-05 23:55:18,-22.116,14.2845,64.99,90,45,3.0
532,Wajir,KE,2021-02-05 23:58:52,1.7471,40.0573,74.68,74,3,15.41
533,Sumbe,AO,2021-02-05 23:55:13,-11.2061,13.8437,76.21,83,66,8.52
534,Lasa,IT,2021-02-05 23:58:52,46.6166,10.7002,41.0,93,0,5.75
535,Iquique,CL,2021-02-05 23:58:53,-20.2208,-70.1431,71.6,64,0,10.36
536,Mao,ES,2021-02-05 23:55:10,39.8885,4.2658,62.6,67,0,14.97
537,Itupiranga,BR,2021-02-05 23:58:53,-5.1347,-49.3267,78.53,77,94,0.56
538,Winona,US,2021-02-05 23:58:53,43.9666,-91.7668,8.6,72,1,13.8
539,Guasdualito,VE,2021-02-05 23:56:00,7.2424,-70.7324,82.51,58,91,2.77
540,Polovinnoye,RU,2021-02-05 23:58:53,54.7914,65.9864,34.84,99,100,11.59
541,Murgab,TM,2021-02-05 23:58:53,37.4966,61.9714,48.2,40,20,6.91
542,Valparaiso,CL,2021-02-05 23:58:54,-33.0393,-71.6273,64.0,82,90,9.22
543,Aquiraz,BR,2021-02-05 23:55:52,-3.9014,-38.3911,80.6,78,40,9.22
544,Buraydah,SA,2021-02-05 23:58:54,26.326,43.975,53.6,94,75,10.36
545,Piltene,LV,2021-02-05 23:58:54,57.2243,21.6744,1.4,92,0,2.3
546,Nan,TH,2021-02-05 23:58:54,18.8333,100.6667,60.8,94,0,0.29
547,Humaita,BR,2021-02-05 23:58:54,-7.5061,-63.0208,75.92,95,100,1.9
548,Chilca,PE,2021-02-05 23:58:54,-12.5211,-76.7372,71.01,83,0,11.5
549,Darab,IR,2021-02-05 23:58:55,28.7519,54.5444,50.59,42,17,0.63
550,Kenai,US,2021-02-05 23:58:55,60.5544,-151.2583,15.01,85,90,3.44
551,Soma,TR,2021-02-05 23:58:55,39.1855,27.6094,44.6,100,4,1.59
552,Mastic,US,2021-02-05 23:56:08,40.802,-72.8409,37.4,81,1,7.87
553,Shu,KZ,2021-02-05 23:58:55,43.5983,73.7614,36.0,83,100,4.0
554,Oussouye,SN,2021-02-05 23:58:55,12.485,-16.5469,75.2,78,0,9.22
555,Katghora,IN,2021-02-05 23:58:55,22.5,82.55,53.35,69,0,6.38
556,Nishihara,JP,2021-02-05 23:58:55,26.1842,127.7558,68.0,59,20,4.61
557,Filadelfia,US,2021-02-05 23:54:24,39.9523,-75.1638,44.6,65,40,3.44
558,Santiago De Chuco,PE,2021-02-05 23:58:56,-8.15,-78.1833,53.37,80,92,1.36
559,Omaruru,NA,2021-02-05 23:58:56,-21.4333,15.9333,76.77,43,54,6.24
560,Zavetnoye,RU,2021-02-05 23:58:56,47.1194,43.8903,26.85,87,83,21.83
561,El Campo,US,2021-02-05 23:58:56,29.1966,-96.2697,55.99,71,90,6.91
562,Sembe,CG,2021-02-05 23:58:56,1.6481,14.5806,73.83,78,14,2.24
563,Porto Novo,BJ,2021-02-05 23:58:56,6.4965,2.6036,84.2,84,40,12.66
564,Cullen,GB,2021-02-05 23:58:57,57.6904,-2.8182,37.4,70,90,20.71
565,Naryan-Mar,RU,2021-02-05 23:58:57,67.6713,53.087,-10.71,90,78,11.3
566,Ushuaia,AR,2021-02-06 01:18:00,-54.8,-68.3,46.4,76,40,26.46
567,Busselton,AU,2021-02-06 01:19:16,-33.65,115.3333,64.99,71,100,5.01
568,Avarua,CK,2021-02-06 01:19:16,-21.2078,-159.775,84.2,74,40,13.8
569,Thompson,CA,2021-02-06 01:15:07,55.7435,-97.8558,-22.0,69,75,13.8
570,Camacha,PT,2021-02-06 01:19:16,33.0833,-16.3333,57.2,72,40,18.41
571,Airai,TL,2021-02-06 01:17:14,-8.9266,125.4092,67.15,96,100,5.1
572,Butaritari,KI,2021-02-06 01:19:16,3.0707,172.7902,81.52,80,35,18.39
573,Rikitea,PF,2021-02-06 01:15:34,-23.1203,-134.9692,78.76,70,11,12.75
574,Mataura,NZ,2021-02-06 01:19:17,-46.1927,168.8643,74.98,47,92,3.65
575,East London,ZA,2021-02-06 01:17:18,-33.0153,27.9116,73.63,89,97,10.13
576,Niny,RU,2021-02-06 01:19:17,44.4878,43.9489,32.99,83,5,9.44
577,Natitingou,BJ,2021-02-06 01:19:17,10.3042,1.3796,78.8,25,100,6.91
578,Hofn,IS,2021-02-06 01:17:09,64.2539,-15.2082,37.42,78,100,16.26
579,Cangzhou,CN,2021-02-06 01:19:17,38.3167,116.8667,42.58,56,0,2.3
580,Albany,US,2021-02-06 01:16:36,42.6001,-73.9662,35.01,72,9,5.97
581,Tuktoyaktuk,CA,2021-02-06 01:19:18,69.4541,-133.0374,-31.0,68,75,9.22
582,Jumla,NP,2021-02-06 01:19:18,29.2747,82.1838,24.71,83,100,5.26
583,Bluff,NZ,2021-02-06 01:15:35,-46.6,168.3333,60.35,71,33,2.04
584,Conceicao Do Araguaia,BR,2021-02-06 01:19:18,-8.2578,-49.2647,75.78,90,100,2.86
585,Carnarvon,AU,2021-02-06 01:19:18,-24.8667,113.6333,82.4,100,90,24.16
586,Longyearbyen,SJ,2021-02-06 01:19:18,78.2186,15.6401,28.4,69,75,16.11
587,Nikolskoye,RU,2021-02-06 01:17:10,59.7035,30.7861,10.0,78,75,8.95
588,Vaini,TO,2021-02-06 01:17:10,-21.2,-175.2,84.2,89,75,4.61
589,Castro,BR,2021-02-06 01:19:19,-24.7911,-50.0119,60.55,58,0,3.33
590,Abu Dhabi,AE,2021-02-06 01:19:19,24.4667,54.3667,69.8,46,0,11.5
591,Dongli,CN,2021-02-06 01:19:19,23.5656,116.8194,64.4,72,0,2.24
592,Hobart,AU,2021-02-06 01:19:19,-42.8794,147.3294,77.0,41,40,14.97
593,Lakes Entrance,AU,2021-02-06 01:15:08,-37.8811,147.981,79.0,48,94,13.0
594,Iqaluit,CA,2021-02-06 01:15:35,63.7506,-68.5145,23.0,80,90,20.71
595,Virginia Beach,US,2021-02-06 01:15:38,36.8529,-75.978,46.99,87,90,8.05
596,Qaanaaq,GL,2021-02-06 01:17:08,77.484,-69.3632,-4.9,77,100,7.94
597,Ribeira Grande,PT,2021-02-06 01:19:20,38.5167,-28.7,59.2,84,100,12.73
598,Okhotsk,RU,2021-02-06 01:19:20,59.3833,143.3,0.7,86,100,7.4
599,Port Alfred,ZA,2021-02-06 01:19:20,-33.5906,26.891,69.01,93,100,14.92
600,Yellowknife,CA,2021-02-06 01:17:06,62.456,-114.3525,-31.0,61,90,9.22
601,Swift Current,CA,2021-02-06 01:15:08,50.2834,-107.8014,-11.2,70,90,16.11
602,Progreso,MX,2021-02-06 01:19:21,21.2833,-89.6667,81.0,54,1,8.05
603,Bethel,US,2021-02-06 01:16:57,41.3712,-73.414,35.01,93,1,9.15
604,Miyako,JP,2021-02-06 01:19:21,39.6367,141.9525,42.31,81,83,7.43
605,Abu Samrah,SY,2021-02-06 01:19:21,35.3029,37.1841,47.75,88,0,4.45
606,Erzin,TR,2021-02-06 01:19:21,36.9559,36.2,51.01,79,0,1.99
607,Paita,PE,2021-02-06 01:19:21,-5.0892,-81.1144,75.29,74,18,16.31
608,New Norfolk,AU,2021-02-06 01:19:21,-42.7826,147.0587,75.99,74,0,1.99
609,Cape Town,ZA,2021-02-06 01:14:46,-33.9258,18.4232,69.01,88,0,17.27
610,Kununurra,AU,2021-02-06 01:19:22,-15.7667,128.7333,86.0,84,40,6.91
611,Jacareacanga,BR,2021-02-06 01:19:22,-6.2222,-57.7528,75.74,94,100,1.57
612,Atuona,PF,2021-02-06 01:19:22,-9.8,-139.0333,79.45,81,40,17.83
613,Port Elizabeth,ZA,2021-02-06 01:19:22,-33.918,25.5701,69.8,94,90,6.91
614,Tasiilaq,GL,2021-02-06 01:19:22,65.6145,-37.6368,26.6,74,75,21.85
615,Punta Arenas,CL,2021-02-06 01:16:30,-53.15,-70.9167,48.2,61,0,16.11
616,Barrow,US,2021-02-06 01:19:22,71.2906,-156.7887,-11.2,77,20,8.05
617,Te Anau,NZ,2021-02-06 01:17:37,-45.4167,167.7167,75.04,40,78,1.83
618,Aksu,CN,2021-02-06 01:19:23,41.1231,80.2644,22.62,87,83,1.88
619,Ponta Do Sol,PT,2021-02-06 01:17:02,32.6667,-17.1,51.01,69,57,5.99
620,Sao Jose Da Coroa Grande,BR,2021-02-06 01:19:23,-8.8978,-35.1478,78.12,82,17,8.23
621,Parati,BR,2021-02-06 01:19:23,-23.2178,-44.7131,74.75,85,100,3.87
622,Hermanus,ZA,2021-02-06 01:19:23,-34.4187,19.2345,66.99,88,4,1.99
623,Nioro,GM,2021-02-06 01:19:23,13.35,-15.75,68.9,47,100,10.78
624,Puerto Ayora,EC,2021-02-06 01:17:03,-0.7393,-90.3518,77.0,94,77,4.0
625,Georgetown,MY,2021-02-06 01:18:57,5.4112,100.3354,82.0,74,20,5.06
626,Andenes,NO,2021-02-06 01:19:24,69.3143,16.1194,32.0,80,100,28.77
627,Petauke,ZM,2021-02-06 01:19:25,-14.2426,31.3253,66.25,98,100,5.7
628,Kavieng,PG,2021-02-06 01:19:25,-2.5744,150.7967,83.3,72,73,4.05
629,Maniitsoq,GL,2021-02-06 01:18:08,65.4167,-52.9,15.76,69,100,5.88
630,Trairi,BR,2021-02-06 01:19:25,-3.2778,-39.2689,78.1,82,76,8.75
631,Kaitangata,NZ,2021-02-06 01:19:25,-46.2817,169.8464,62.01,71,26,8.01
632,Lorengau,PG,2021-02-06 01:19:25,-2.0226,147.2712,83.17,74,89,7.94
633,Chaihe,CN,2021-02-06 01:19:26,44.7667,129.7,13.23,93,100,1.34
634,Drensteinfurt,DE,2021-02-06 01:19:26,51.7953,7.7382,43.0,96,100,6.8
635,Sitka,US,2021-02-06 01:18:32,57.0531,-135.33,35.6,87,90,3.58
636,Rumphi,MW,2021-02-06 01:19:26,-11.0186,33.8575,63.77,88,45,1.92
637,Solano,US,2021-02-06 01:19:26,38.2333,-121.9511,66.2,42,1,3.27
638,Goderich,CA,2021-02-06 01:17:02,43.7501,-81.7165,19.4,73,100,29.93
639,Saint George,US,2021-02-06 01:15:06,37.1041,-113.5841,55.99,24,1,16.11
640,Hovd,MN,2021-02-06 01:19:27,48.0056,91.6419,9.63,89,36,0.89
641,San Patricio,US,2021-02-06 01:19:27,28.017,-97.5169,60.8,77,90,12.66
642,Vanimo,PG,2021-02-06 01:19:27,-2.6741,141.3028,85.12,65,52,1.72
643,Mount Gambier,AU,2021-02-06 01:19:28,-37.8333,140.7667,66.2,59,40,13.8
644,Celestun,MX,2021-02-06 01:19:28,20.8667,-90.4,74.34,78,0,8.1
645,Saint-Philippe,RE,2021-02-06 01:19:28,-21.3585,55.7679,78.8,65,75,6.91
646,Elliot Lake,CA,2021-02-06 01:19:28,46.3834,-82.6331,19.4,79,90,20.71
647,Cabo San Lucas,MX,2021-02-06 01:17:06,22.8909,-109.9124,75.2,53,20,11.5
648,Chokurdakh,RU,2021-02-06 01:19:28,70.6333,147.9167,-19.62,86,0,11.65
649,Lavrentiya,RU,2021-02-06 01:17:31,65.5833,-171.0,3.65,93,100,13.38
650,Toktogul,KG,2021-02-06 01:19:28,41.8708,72.9402,33.1,68,100,1.28
651,Kabalo,CD,2021-02-06 01:19:29,-6.05,26.9167,71.53,87,100,0.89
652,Bonthe,SL,2021-02-06 01:17:07,7.5264,-12.505,77.41,81,1,8.03
653,Hearst,CA,2021-02-06 01:19:29,49.6835,-83.6665,5.0,85,100,9.22
654,Marzuq,YE,2021-02-06 01:19:29,14.4,46.4667,54.37,34,0,4.52
655,Teahupoo,PF,2021-02-06 01:19:29,-17.8333,-149.2667,86.0,62,75,10.36
656,Xam Nua,LA,2021-02-06 01:19:29,20.4197,104.0439,57.76,87,47,2.28
657,Kapaa,US,2021-02-06 01:19:29,22.0752,-159.319,71.6,56,1,5.75
658,Jamestown,US,2021-02-06 01:15:44,42.097,-79.2353,23.0,68,90,17.27
659,Saskylakh,RU,2021-02-06 01:17:24,71.9167,114.0833,-31.31,83,78,5.37
660,Kikwit,CD,2021-02-06 01:19:30,-5.041,18.8162,74.07,90,100,0.31
661,Cherskiy,RU,2021-02-06 01:19:30,68.75,161.3,-12.68,77,100,1.45
662,San Felipe,VE,2021-02-06 01:19:30,10.3399,-68.7425,72.32,88,100,6.44
663,Flinders,AU,2021-02-06 01:19:30,-34.5833,150.8552,70.0,93,100,13.0
664,Tura,IN,2021-02-06 01:15:15,25.5198,90.2201,59.61,48,0,2.17
665,Geraldton,AU,2021-02-06 01:19:31,-28.7667,114.6,64.4,77,90,24.16
666,Portel,BR,2021-02-06 01:19:31,-1.9356,-50.8211,78.93,80,100,5.82
667,Mildura,AU,2021-02-06 01:19:31,-34.2,142.15,75.0,53,75,13.8
668,Mahebourg,MU,2021-02-06 01:19:31,-20.4081,57.7,78.8,78,40,9.22
669,Hambantota,LK,2021-02-06 01:19:31,6.1241,81.1185,73.4,100,75,3.44
670,Vedelago,IT,2021-02-06 01:19:32,45.6872,12.0164,48.2,87,90,1.7
671,Biak,ID,2021-02-06 01:19:33,-0.9131,122.8766,80.01,72,100,2.57
672,Alencon,FR,2021-02-06 01:19:33,48.4333,0.0833,46.4,100,0,3.44
673,Sao Joao Da Barra,BR,2021-02-06 01:19:33,-21.6403,-41.0511,78.17,89,100,5.21
674,Borger,NL,2021-02-06 01:19:33,52.9233,6.7931,35.01,96,100,8.01
675,Tiksi,RU,2021-02-06 01:19:33,71.6872,128.8694,-22.76,87,100,6.62
676,Port Lincoln,AU,2021-02-06 01:19:33,-34.7333,135.8667,66.61,70,73,17.05
677,Boralday,KZ,2021-02-06 01:19:33,43.3578,76.8594,26.6,86,75,4.47
678,Lebu,CL,2021-02-06 01:19:34,-37.6167,-73.65,57.87,92,11,3.69
679,Koslan,RU,2021-02-06 01:19:34,63.4564,48.8989,-9.72,88,100,11.1
680,Motygino,RU,2021-02-06 01:19:34,58.1831,94.7592,0.9,93,100,3.51
681,North Bend,US,2021-02-06 01:19:34,43.4065,-124.2243,51.01,93,75,9.22
682,Aklavik,CA,2021-02-06 01:17:11,68.2191,-135.0107,-32.8,68,20,4.61
683,Victoria,HK,2021-02-06 01:16:37,22.2855,114.1577,68.0,80,0,5.59
684,Ankang,CN,2021-02-06 01:19:34,32.68,109.0172,46.0,33,0,14.0
685,Savannah Bight,HN,2021-02-06 01:19:35,16.45,-85.85,82.4,74,1,3.44
686,Leshukonskoye,RU,2021-02-06 01:19:35,64.8989,45.7622,-9.44,88,96,11.1
687,Clyde River,CA,2021-02-06 01:17:40,70.4692,-68.5914,-14.8,76,90,11.5
688,Shahreza,IR,2021-02-06 01:19:35,32.0339,51.8794,45.68,56,89,5.21
689,Acapulco,MX,2021-02-06 01:15:21,16.8634,-99.8901,80.6,69,75,2.3
690,Rio Grande,BR,2021-02-06 01:19:35,-32.035,-52.0986,63.0,90,62,16.17
691,El Dorado,US,2021-02-06 01:19:35,38.7666,-120.5177,54.0,54,1,4.61
692,Peleduy,RU,2021-02-06 01:19:35,59.6289,112.7406,-1.35,90,100,5.79
693,Bertinoro,IT,2021-02-06 01:19:36,44.1469,12.1389,46.0,81,90,4.61
694,Ruteng,ID,2021-02-06 01:19:36,-8.6136,120.4721,67.57,98,90,2.82
695,Maceio,BR,2021-02-06 01:17:28,-9.6658,-35.7353,75.2,88,0,6.91
696,Cidreira,BR,2021-02-06 01:16:58,-30.1811,-50.2056,67.32,73,0,14.18
697,Ucluelet,CA,2021-02-06 01:16:57,48.9329,-125.5528,46.0,87,40,12.66
698,Tuatapere,NZ,2021-02-06 01:19:36,-46.1333,167.6833,68.2,64,29,6.62
699,Nantucket,US,2021-02-06 01:16:29,41.2835,-70.0995,42.01,100,90,8.05
700,Tual,ID,2021-02-06 01:19:37,-5.6667,132.75,83.57,77,100,20.45
701,Waipawa,NZ,2021-02-06 01:19:37,-41.4122,175.5153,62.01,77,90,13.8
702,Bereznik,RU,2021-02-06 01:19:37,62.8551,42.7072,-8.97,88,100,10.07
703,Chabahar,IR,2021-02-06 01:19:37,25.2919,60.643,65.79,64,0,5.19
704,Mar Del Plata,AR,2021-02-06 01:19:11,-38.0023,-57.5575,71.01,55,0,4.61
705,Kodiak,US,2021-02-06 01:19:37,57.79,-152.4072,39.2,65,40,12.66
706,Caravelas,BR,2021-02-06 01:19:38,-17.7125,-39.2481,80.24,79,100,14.29
707,Baherden,TM,2021-02-06 01:19:38,38.4362,57.4316,57.09,35,32,7.36
708,Shingu,JP,2021-02-06 01:19:38,33.7333,135.9833,51.8,62,75,1.14
709,Fort Nelson,CA,2021-02-06 01:15:07,58.8053,-122.7002,-14.8,70,20,2.3
710,Esperance,AU,2021-02-06 01:19:38,-33.8667,121.9,62.6,82,90,10.36
711,Namwala,ZM,2021-02-06 01:19:38,-15.7504,26.4384,65.57,98,89,1.59
712,Padang,ID,2021-02-06 01:17:53,-0.9492,100.3543,80.6,74,20,2.3
713,Velsk,RU,2021-02-06 01:19:39,61.0701,42.0983,-6.56,90,100,9.4
714,East Wenatchee Bench,US,2021-02-06 01:19:39,47.4257,-120.2812,48.2,49,1,18.41
715,Hilo,US,2021-02-06 01:19:39,19.7297,-155.09,75.2,64,90,10.36
716,Zinder,NE,2021-02-06 01:19:39,13.8072,8.9881,64.71,25,0,10.54
717,Bredasdorp,ZA,2021-02-06 01:19:39,-34.5322,20.0403,60.8,94,0,1.14
718,Nanortalik,GL,2021-02-06 01:19:39,60.1432,-45.2371,20.21,73,0,3.69
719,Dikson,RU,2021-02-06 01:19:39,73.5069,80.5464,-31.65,85,9,10.87
720,Ixtapa,MX,2021-02-06 01:18:28,20.7,-105.2,73.4,78,1,3.44
721,Bud,US,2021-02-06 01:18:08,39.447,-86.1758,30.0,74,67,8.81
722,Sao Filipe,CV,2021-02-06 01:19:40,14.8961,-24.4956,69.82,75,9,11.56
723,Galeana,MX,2021-02-06 01:19:40,24.8333,-100.0667,53.76,67,0,2.26
724,Phek,IN,2021-02-06 01:19:40,25.6667,94.5,41.9,92,32,1.66
725,Matadi,CD,2021-02-06 01:19:40,-5.8167,13.45,76.66,85,100,3.0
726,Souillac,MU,2021-02-06 01:19:40,-20.5167,57.5167,78.8,78,40,9.22
727,Urumqi,CN,2021-02-06 01:19:41,43.801,87.6005,10.4,85,89,2.24
728,Ghanzi,BW,2021-02-06 01:19:41,-21.5667,21.7833,68.05,92,88,11.86
729,Port Shepstone,ZA,2021-02-06 01:18:13,-30.7414,30.455,73.36,81,21,2.48
730,Canutama,BR,2021-02-06 01:19:41,-6.5339,-64.3831,74.37,97,100,1.7
731,Richards Bay,ZA,2021-02-06 01:17:20,-28.783,32.0377,75.27,90,84,1.25
732,Narsaq,GL,2021-02-06 01:19:41,60.9167,-46.05,12.2,57,0,5.75
733,Beringovskiy,RU,2021-02-06 01:19:41,63.05,179.3167,-3.62,88,100,7.96
734,Oranjemund,NA,2021-02-06 01:19:42,-28.55,16.4333,61.56,91,4,10.02
735,Khatanga,RU,2021-02-06 01:19:42,71.9667,102.5,-34.22,78,4,7.09
736,San Quintin,MX,2021-02-06 01:19:42,30.4833,-115.95,59.5,75,0,13.09
737,Trincomalee,LK,2021-02-06 01:17:16,8.5711,81.2335,77.65,83,84,11.72
738,Casablanca,MA,2021-02-06 01:14:59,33.5928,-7.6192,55.0,93,75,5.75
739,Isangel,VU,2021-02-06 01:19:42,-19.55,169.2667,86.0,70,20,3.44
740,Handan,CN,2021-02-06 01:19:43,36.6006,114.4678,52.48,35,0,12.8
741,Bandarbeyla,SO,2021-02-06 01:19:43,9.4942,50.8122,73.26,71,0,8.19
742,Hithadhoo,MV,2021-02-06 01:17:20,-0.6,73.0833,81.79,80,100,15.14
743,Kano,NG,2021-02-06 01:19:43,12.0001,8.5167,60.8,51,0,4.61
744,Mendi,PG,2021-02-06 01:19:43,-6.1761,143.6513,62.51,84,100,1.01
745,Bathsheba,BB,2021-02-06 01:19:43,13.2167,-59.5167,78.8,61,20,21.85
746,Martapura,ID,2021-02-06 01:19:44,-3.4167,114.85,82.4,78,100,3.44
747,Carira,BR,2021-02-06 01:19:44,-10.3608,-37.7011,75.4,74,55,13.65
748,Constitucion,CL,2021-02-06 01:19:44,-35.3333,-72.4167,56.95,90,0,0.45
749,Diego De Almagro,CL,2021-02-06 01:19:44,-26.3667,-70.05,61.12,47,0,2.08
750,Borba,BR,2021-02-06 01:19:44,-4.3878,-59.5939,77.92,86,100,1.9
751,Xai-Xai,MZ,2021-02-06 01:19:44,-25.0519,33.6442,76.84,87,96,5.91
752,Dickinson,US,2021-02-06 01:15:14,29.4608,-95.0513,54.0,71,90,6.91
753,Port Hardy,CA,2021-02-06 01:19:45,50.6996,-127.4199,44.6,75,75,8.05
754,Bua Yai,TH,2021-02-06 01:19:15,15.5855,102.4259,67.1,72,0,9.33
755,Batemans Bay,AU,2021-02-06 01:17:17,-35.7167,150.1833,71.01,92,50,14.0
756,Faanui,PF,2021-02-06 01:19:45,-16.4833,-151.75,81.64,64,3,4.07
757,Provideniya,RU,2021-02-06 01:17:07,64.3833,-173.3,8.33,92,100,8.93
758,Bukama,CD,2021-02-06 01:19:45,-9.2,25.85,70.84,94,100,2.04
759,Ostrovnoy,RU,2021-02-06 01:19:45,68.0531,39.5131,15.35,92,100,10.29
760,Ketchikan,US,2021-02-06 01:19:46,55.3422,-131.6461,37.4,87,90,3.44
761,Arman,RU,2021-02-06 01:19:46,59.7,150.1667,-3.91,83,95,11.45
762,Mazamari,PE,2021-02-06 01:19:46,-11.3258,-74.5308,71.83,81,100,1.36
763,Diu,IN,2021-02-06 01:19:46,20.7141,70.9822,66.56,30,0,16.28
764,Peniche,PT,2021-02-06 01:18:03,39.3558,-9.3811,53.01,89,100,11.01
765,Jardim,BR,2021-02-06 01:19:39,-21.4803,-56.1381,69.66,81,0,3.15
766,Ondjiva,AO,2021-02-06 01:19:47,-17.0667,15.7333,74.71,45,100,6.6
767,Duncan,US,2021-02-06 01:15:07,34.5023,-97.9578,48.2,29,1,10.36
768,Ponta Delgada,PT,2021-02-06 01:19:47,37.7333,-25.6667,57.99,94,75,10.36
769,Lompoc,US,2021-02-06 01:19:47,34.6391,-120.4579,60.8,51,1,11.5
770,Doha,QA,2021-02-06 01:17:48,25.2867,51.5333,69.8,88,0,10.36
771,Huarmey,PE,2021-02-06 01:19:47,-10.0681,-78.1522,71.01,76,100,7.9
772,Novo Aripuana,BR,2021-02-06 01:19:47,-5.1206,-60.3797,76.1,95,96,1.9
773,Norman Wells,CA,2021-02-06 01:19:48,65.282,-126.8329,-27.4,68,20,4.61
774,Tiznit,MA,2021-02-06 01:19:48,29.5833,-9.5,51.94,67,99,4.88
775,Zhigansk,RU,2021-02-06 01:19:48,66.7697,123.3711,-42.88,75,78,4.61
776,Harare,ZW,2021-02-06 01:19:48,-17.8294,31.0539,64.0,88,100,4.36
777,Moron,AR,2021-02-06 01:19:48,-34.6534,-58.6198,73.0,74,0,1.01
778,Anadyr,RU,2021-02-06 01:17:25,64.75,177.4833,1.4,85,75,15.66
779,Carmen,MX,2021-02-06 01:19:48,18.6333,-91.8333,80.6,57,1,4.61
780,Husavik,IS,2021-02-06 01:19:49,66.0449,-17.3389,30.2,69,40,4.61
781,Deputatskiy,RU,2021-02-06 01:19:49,69.3,139.9,-23.33,88,100,1.19
782,Yarada,IN,2021-02-06 01:19:49,17.65,83.2667,60.8,88,0,2.3
783,Atar,MR,2021-02-06 01:16:05,20.5169,-13.0499,58.95,55,99,11.72
784,Alofi,NU,2021-02-06 01:19:49,-19.0595,-169.9187,80.6,83,100,13.8
785,Vila Velha,BR,2021-02-06 01:18:33,-20.3297,-40.2925,82.4,74,75,10.36
786,Lethem,GY,2021-02-06 01:19:50,3.3803,-59.7968,79.57,63,11,8.66
787,Panama City,PA,2021-02-06 01:15:37,8.9936,-79.5197,80.6,83,75,10.36
788,La Ronge,CA,2021-02-06 01:18:49,55.1001,-105.2842,-20.2,63,73,9.22
789,Guerrero Negro,MX,2021-02-06 01:19:50,27.9769,-114.0611,62.35,60,0,18.39
790,Matraderecske,HU,2021-02-06 01:19:50,47.95,20.0833,37.98,91,100,2.04
791,Fortuna,US,2021-02-06 01:17:14,40.5982,-124.1573,51.01,93,90,12.66
792,Goure,NE,2021-02-06 01:19:50,13.9835,10.2704,66.99,22,0,8.01
793,San Juan,AR,2021-02-06 01:19:07,-31.5375,-68.5364,83.89,24,0,8.86
794,Agua Verde,MX,2021-02-06 01:19:51,22.9,-106.05,69.8,73,1,9.22
795,Maricka,BA,2021-02-06 01:19:51,44.8686,16.8406,42.8,93,100,6.91
796,Shache,CN,2021-02-06 01:19:51,38.4167,77.2406,25.03,89,3,0.34
797,Matagami,CA,2021-02-06 01:17:29,49.7502,-77.6328,28.4,80,75,21.85
798,Margate,GB,2021-02-06 01:19:51,51.3813,1.3862,45.0,92,88,6.55
799,Limbang,MY,2021-02-06 01:19:51,4.75,115.0,82.4,83,75,3.44
800,Kurchum,KZ,2021-02-06 01:19:52,48.5722,83.6542,18.57,95,100,2.44
801,Road Town,VG,2021-02-06 01:19:52,18.4167,-64.6167,78.8,69,40,8.05
802,Khanpur,PK,2021-02-06 01:19:52,28.6453,70.6567,49.75,53,0,4.45
803,Saint-Leu,RE,2021-02-06 01:19:52,-21.15,55.2833,77.0,61,7,3.6
804,Lazaro Cardenas,MX,2021-02-06 01:16:48,17.9583,-102.2,75.65,75,0,3.44
805,Arraial Do Cabo,BR,2021-02-06 01:19:52,-22.9661,-42.0278,75.54,94,100,9.42
806,Port Macquarie,AU,2021-02-06 01:19:52,-31.4333,152.9167,82.99,58,100,13.96
807,Ashland,US,2021-02-06 01:15:11,40.8167,-82.2665,26.6,68,90,12.66
808,Sinnamary,GF,2021-02-06 01:19:53,5.3833,-52.95,77.41,87,92,14.65
809,Hondo,JP,2021-02-06 01:19:53,32.45,130.2,50.0,87,40,3.44
810,Srednekolymsk,RU,2021-02-06 01:19:53,67.45,153.6833,-20.6,84,0,3.06
811,Victor Harbor,AU,2021-02-06 01:19:53,-35.5667,138.6167,66.99,80,6,11.01
812,Iraray,PH,2021-02-06 01:19:53,8.9936,118.0511,81.14,77,100,11.12
813,Marsaxlokk,MT,2021-02-06 01:19:54,35.8419,14.5431,61.0,88,0,9.22
814,Bilibino,RU,2021-02-06 01:19:54,68.0546,166.4372,-8.79,78,100,3.67
815,Dingle,PH,2021-02-06 01:19:54,10.9995,122.6711,80.94,80,81,12.19
816,Ilulissat,GL,2021-02-06 01:19:54,69.2167,-51.1,10.4,31,98,13.8
817,Morant Bay,JM,2021-02-06 01:19:54,17.8815,-76.4093,80.6,78,20,18.41
818,Bowen,AU,2021-02-06 01:19:54,-20.0167,148.2333,82.17,76,94,11.5
819,Faya,SA,2021-02-06 01:19:54,18.3851,42.4509,53.6,66,0,11.5
820,Sibolga,ID,2021-02-06 01:19:54,1.7427,98.7792,77.85,77,0,3.56
821,Klaksvik,FO,2021-02-06 01:17:16,62.2266,-6.589,32.0,100,40,10.36
822,Luganville,VU,2021-02-06 01:19:55,-15.5333,167.1667,84.51,68,98,4.23
823,Torbay,CA,2021-02-06 01:19:55,47.6666,-52.7314,36.0,93,90,26.46
824,Auki,SB,2021-02-06 01:18:05,-8.7676,160.7034,85.66,64,83,10.0
825,Ancud,CL,2021-02-06 01:19:55,-41.8697,-73.8203,69.8,56,0,9.22
826,Kukmor,RU,2021-02-06 01:19:55,56.1855,50.8944,13.57,95,100,12.91
827,Revda,RU,2021-02-06 01:19:55,56.801,59.9303,35.6,93,40,13.42
828,Taoudenni,ML,2021-02-06 01:19:56,22.6783,-3.9836,75.56,21,100,9.4
829,Namibe,AO,2021-02-06 01:19:56,-15.1961,12.1522,70.2,83,52,7.43
830,Pacific Grove,US,2021-02-06 01:19:56,36.6177,-121.9166,57.0,76,1,8.1
831,Agadez,NE,2021-02-06 01:19:56,19.75,10.25,54.97,37,0,2.17
832,Pervomayskoye,RU,2021-02-06 01:19:56,43.919,46.7102,37.65,70,100,16.53
833,Bar Harbor,US,2021-02-06 01:18:59,44.3876,-68.2039,43.0,100,90,4.61
834,Chuy,UY,2021-02-06 01:19:57,-33.6971,-53.4616,60.49,84,10,6.73
835,Fernley,US,2021-02-06 01:17:07,39.608,-119.2518,48.0,44,0,1.01
836,Santa Cruz,BO,2021-02-06 01:19:57,-17.8,-63.1667,78.8,65,75,4.16
837,Cayenne,GF,2021-02-06 01:19:57,4.9333,-52.3333,78.8,89,75,9.22
838,Shiyan,CN,2021-02-06 01:19:57,32.6475,110.7781,50.16,48,59,3.47
839,Marsa Matruh,EG,2021-02-06 01:19:57,31.3525,27.2453,59.0,82,75,6.91
840,Kruisfontein,ZA,2021-02-06 01:19:57,-34.0033,24.7314,71.01,89,15,1.01
841,Kyra,RU,2021-02-06 01:19:58,49.5776,111.9753,-6.54,82,0,4.92
842,Kapuskasing,CA,2021-02-06 01:19:58,49.4169,-82.4331,12.2,79,100,24.16
843,Natal,BR,2021-02-06 01:19:58,-5.795,-35.2094,78.8,78,20,5.75
844,Alenquer,BR,2021-02-06 01:19:58,-1.9417,-54.7383,77.0,94,0,3.44
845,Alihe,CN,2021-02-06 01:19:58,50.5667,123.7167,-7.71,82,6,3.44
846,Kaili,ID,2021-02-06 01:19:58,-3.4626,120.2147,73.29,88,100,1.48
847,Belaya Gora,RU,2021-02-06 01:18:16,68.5333,146.4167,-15.88,89,100,4.79
848,Istok,XK,2021-02-06 01:19:59,42.7808,20.4875,43.0,87,55,2.3
849,Namatanai,PG,2021-02-06 01:19:59,-3.6667,152.4333,82.83,70,96,4.79
850,Iskateley,RU,2021-02-06 01:19:59,67.6803,53.1512,-14.13,89,2,10.02
851,Berlevag,NO,2021-02-06 01:19:59,70.8578,29.0864,26.82,92,100,21.61
852,Boa Vista,BR,2021-02-06 01:19:59,2.8197,-60.6733,80.6,69,0,11.5
853,Port Hedland,AU,2021-02-06 01:19:59,-20.3167,118.5667,86.0,62,40,6.91
854,Sinawilan,PH,2021-02-06 01:19:59,6.7544,125.2464,84.2,70,40,8.05
855,Itarema,BR,2021-02-06 01:20:00,-2.9248,-39.9167,78.08,81,5,11.56
856,Santa Marta,CO,2021-02-06 01:17:18,11.2408,-74.199,84.2,70,20,10.36
857,Zhigalovo,RU,2021-02-06 01:20:00,54.8097,105.1578,1.31,90,100,3.47
858,San Juan De Abajo,MX,2021-02-06 01:20:00,20.8167,-105.1833,73.4,78,1,3.44
859,Ulaangom,MN,2021-02-06 01:20:00,49.9811,92.0667,-3.03,89,100,0.56
860,Pevek,RU,2021-02-06 01:20:00,69.7008,170.3133,-14.49,85,100,1.63
861,Beyneu,KZ,2021-02-06 01:20:00,45.3167,55.2,40.48,90,99,16.96
862,Sistranda,NO,2021-02-06 01:20:01,63.7256,8.834,21.2,86,20,17.27
863,Edgewater,US,2021-02-06 01:18:31,28.9889,-80.9023,69.8,60,90,5.99
864,Ayagoz,KZ,2021-02-06 01:20:01,47.9714,80.4392,19.69,91,100,3.56
865,Hov,NO,2021-02-06 01:20:01,60.6987,10.3519,16.0,92,75,5.75
866,Schoonhoven,NL,2021-02-06 01:20:01,51.9475,4.8486,45.0,98,100,5.26
867,Edea,CM,2021-02-06 01:20:07,3.8,10.1333,80.6,100,40,0.27
868,Saucillo,MX,2021-02-06 01:20:08,28.0167,-105.2833,68.81,21,0,7.27
869,Mayumba,GA,2021-02-06 01:17:11,-3.432,10.6554,78.44,83,99,2.84
870,Coro,VE,2021-02-06 01:20:08,11.4045,-69.6734,76.24,80,17,16.53
871,Bundaberg,AU,2021-02-06 01:20:08,-24.85,152.35,89.01,48,38,5.75
872,Noumea,NC,2021-02-06 01:15:46,-22.2763,166.4572,86.0,70,90,8.05
873,Fallon,US,2021-02-06 01:20:08,39.4735,-118.7774,51.8,32,20,12.66
874,Talnakh,RU,2021-02-06 01:20:09,69.4865,88.3972,-25.8,84,89,4.5
875,Pochutla,MX,2021-02-06 01:20:09,15.7432,-96.4661,78.8,73,75,11.5
876,Buala,SB,2021-02-06 01:20:09,-8.145,159.5921,85.15,71,62,10.89
877,Kanker,IN,2021-02-06 01:20:09,20.2719,81.4931,57.25,35,0,4.16
878,Puerto Narino,CO,2021-02-06 01:20:09,-3.7703,-70.3831,73.4,100,75,3.44
879,Ahuimanu,US,2021-02-06 01:20:09,21.4447,-157.8378,75.2,60,75,11.5
880,Pogranichnyy,RU,2021-02-06 01:20:10,44.4064,131.3769,17.26,91,100,1.16
881,Begusarai,IN,2021-02-06 01:20:10,25.4167,86.1333,53.28,69,29,8.55
882,Gizycko,PL,2021-02-06 01:20:10,54.0381,21.7644,11.05,96,92,6.8
883,Axim,GH,2021-02-06 01:20:10,4.8699,-2.2405,79.66,87,100,6.85
884,Nemuro,JP,2021-02-06 01:18:12,43.3236,145.575,30.2,80,40,4.61
885,Upernavik,GL,2021-02-06 01:20:10,72.7868,-56.1549,6.3,72,100,5.86
886,Tezu,IN,2021-02-06 01:19:08,27.9167,96.1667,60.53,30,0,3.96
887,Aras,ES,2021-02-06 01:20:11,42.5617,-2.356,51.8,82,20,8.05
888,Nago,JP,2021-02-06 01:18:05,26.5881,127.9761,71.6,83,1,8.05
889,Kieta,PG,2021-02-06 01:20:11,-6.2167,155.6333,87.26,60,0,8.41
890,Colac,AU,2021-02-06 01:20:11,-38.3333,143.5833,63.0,1,86,5.01
891,Merauke,ID,2021-02-06 01:20:11,-8.4667,140.3333,85.12,73,100,17.45
892,Nitra,SK,2021-02-06 01:20:11,48.3076,18.0845,44.01,93,90,3.44
893,Kasongo-Lunda,CD,2021-02-06 01:20:12,-6.4667,16.8167,72.05,88,100,0.74
894,Bambous Virieux,MU,2021-02-06 01:20:12,-20.3428,57.7575,78.8,78,40,9.22
895,Broome,US,2021-02-06 01:20:12,42.2506,-75.833,30.2,59,90,14.97
896,Vaitape,PF,2021-02-06 01:20:12,-16.5167,-151.75,81.5,65,0,5.23
897,Cairns,AU,2021-02-06 01:20:12,-16.9167,145.7667,87.01,74,90,4.61
898,Eureka,US,2021-02-06 01:20:12,40.8021,-124.1637,52.0,90,35,7.0
899,Benjamin Constant,BR,2021-02-06 01:20:13,-4.3831,-70.0311,73.4,100,75,3.44
900,Tukums,LV,2021-02-06 01:20:13,56.9669,23.1553,6.8,92,90,3.44
901,Shimoda,JP,2021-02-06 01:20:13,34.6667,138.95,57.2,38,75,16.11
902,Pulivendla,IN,2021-02-06 01:20:13,14.4167,78.2333,63.91,74,31,4.14
903,Pisco,PE,2021-02-06 01:20:13,-13.7,-76.2167,71.6,83,0,10.36
904,Arhus,DK,2021-02-06 01:20:13,56.1567,10.2108,25.0,80,75,13.8
905,Mayo,US,2021-02-06 01:20:13,38.8876,-76.5119,44.6,36,1,9.22
906,Springbok,ZA,2021-02-06 01:20:14,-29.6643,17.8865,62.01,58,0,3.15
907,Gladstone,AU,2021-02-06 01:20:14,-23.85,151.25,82.4,57,75,9.22
908,Sawtell,AU,2021-02-06 01:20:14,-30.3833,153.1,84.2,54,40,14.97
909,Adrar,MR,2021-02-06 01:20:14,20.5022,-10.0711,61.02,36,100,8.75
910,Tocopilla,CL,2021-02-06 01:20:14,-22.092,-70.1979,68.31,61,53,5.03
911,La Asuncion,VE,2021-02-06 01:20:15,11.0333,-63.8628,76.86,81,70,16.17
912,Ifakara,TZ,2021-02-06 01:20:15,-8.1333,36.6833,71.62,92,15,1.12
913,Olafsvik,IS,2021-02-06 01:20:15,64.8945,-23.7142,38.12,78,100,25.46
914,Vila Do Maio,CV,2021-02-06 01:20:15,15.1333,-23.2167,68.0,68,40,18.41
915,Itoman,JP,2021-02-06 01:20:16,26.1247,127.6694,71.6,60,20,9.22
916,Ewa Beach,US,2021-02-06 01:20:16,21.3156,-158.0072,77.0,47,1,17.27
917,Masuguru,TZ,2021-02-06 01:20:16,-11.3667,38.4167,72.91,96,100,1.83
918,Anderson,US,2021-02-06 01:16:06,34.5334,-82.6499,48.2,34,1,10.36
919,Skibbereen,IE,2021-02-06 01:20:16,51.55,-9.2667,41.0,93,75,4.61
920,Elat,IL,2021-02-06 01:20:16,29.5581,34.9482,60.8,88,75,8.05
921,Morondava,MG,2021-02-06 01:20:17,-20.2833,44.2833,80.04,80,100,4.72
922,Ronne,DK,2021-02-06 01:20:17,55.1009,14.7066,28.4,69,90,8.05
923,Naze,JP,2021-02-06 01:20:17,28.3667,129.4833,71.6,60,20,18.41
924,Balkhash,KZ,2021-02-06 01:20:17,46.844,74.9804,14.0,92,0,4.47
925,Kyshtovka,RU,2021-02-06 01:20:17,56.555,76.6271,25.09,98,100,8.68
926,Cockburn Town,TC,2021-02-06 01:17:01,21.4612,-71.1419,77.13,84,0,20.09
927,Avila,ES,2021-02-06 01:20:17,40.5833,-5.0,43.0,90,100,5.01
928,Kaduqli,SD,2021-02-06 01:20:17,11.0167,29.7167,64.99,26,18,16.69
929,Kovdor,RU,2021-02-06 01:20:18,67.5662,30.4758,11.34,96,100,4.94
930,Broken Hill,AU,2021-02-06 01:17:04,-31.95,141.4333,73.4,43,0,16.11
931,Gilbues,BR,2021-02-06 01:20:18,-9.8317,-45.3439,76.12,81,100,2.89
932,Chumikan,RU,2021-02-06 01:20:18,54.7183,135.315,-10.86,87,100,13.04
933,Marhaura,IN,2021-02-06 01:20:18,25.9667,84.8667,59.0,77,75,5.64
934,Shakawe,BW,2021-02-06 01:20:18,-18.3667,21.85,69.57,87,100,4.88
935,Port-Cartier,CA,2021-02-06 01:20:18,50.0334,-66.8654,32.0,93,100,9.22
936,Biltine,TD,2021-02-06 01:20:19,14.5333,20.9167,61.88,29,7,17.07
937,Buckeye,US,2021-02-06 01:20:19,33.3703,-112.5838,66.0,22,0,8.05
938,Caconda,AO,2021-02-06 01:20:19,-13.7333,15.0667,60.42,77,98,3.8
939,Hami,CN,2021-02-06 01:20:19,42.8,93.45,26.35,85,0,3.42
940,Guymon,US,2021-02-06 01:20:19,36.6828,-101.4816,46.4,31,75,5.75
941,Borovoy,RU,2021-02-06 01:20:20,55.4333,86.0833,15.8,92,90,6.71
942,San Policarpo,PH,2021-02-06 01:20:20,12.1791,125.5072,82.53,75,4,11.59
943,Mitzic,GA,2021-02-06 01:20:20,0.7821,11.549,70.0,96,62,3.0
944,Nouakchott,MR,2021-02-06 01:20:20,18.0858,-15.9785,64.4,68,100,17.27
945,Semey,KZ,2021-02-06 01:16:34,50.4111,80.2275,23.0,86,40,4.47
946,Kendari,ID,2021-02-06 01:20:20,-3.945,122.4989,83.17,76,49,1.79
947,Gambela,ET,2021-02-06 01:20:21,8.25,34.5833,76.75,21,0,2.13
948,Jalu,LY,2021-02-06 01:20:21,29.0331,21.5482,52.16,65,0,2.77
949,Vadso,NO,2021-02-06 01:20:21,70.0744,29.7487,26.6,59,75,19.57
950,Parabel,RU,2021-02-06 01:20:21,58.6978,81.4825,10.26,96,100,7.4
951,Catacamas,HN,2021-02-06 01:20:21,14.8,-85.9,78.8,69,40,4.94
952,Codrington,AU,2021-02-06 01:20:22,-38.2667,141.9667,65.32,63,0,14.41
953,Kholtoson,RU,2021-02-06 01:20:22,50.2981,103.3097,-9.62,86,17,2.08
954,Lerum,SE,2021-02-06 01:20:22,57.7745,12.2697,12.99,85,0,8.05
955,Chapais,CA,2021-02-06 01:20:22,49.7834,-74.8492,23.0,86,90,14.97
956,Los Llanos De Aridane,ES,2021-02-06 01:17:06,28.6585,-17.9182,60.8,59,75,19.57
957,Havoysund,NO,2021-02-06 01:20:22,70.9963,24.6622,26.6,86,90,17.27
958,Jerez,GT,2021-02-06 01:20:22,14.1,-89.75,82.4,47,0,2.3
959,Petropavlovsk-Kamchatskiy,RU,2021-02-06 01:20:23,53.0452,158.6483,8.6,52,75,15.66
960,Necochea,AR,2021-02-06 01:16:57,-38.5473,-58.7368,70.0,52,0,8.01
961,Isabela,PH,2021-02-06 01:20:23,6.7085,121.9711,80.6,78,75,3.44
962,Vila Franca Do Campo,PT,2021-02-06 01:20:23,37.7167,-25.4333,57.99,94,75,10.36
963,Belle Fourche,US,2021-02-06 01:19:31,44.6714,-103.8522,23.0,92,90,8.05
964,Houma,US,2021-02-06 01:20:23,29.5958,-90.7195,52.0,62,90,14.97
965,Gat,IL,2021-02-06 01:20:02,31.61,34.7642,57.99,100,58,3.27
966,Storsteinnes,NO,2021-02-06 01:20:23,69.2408,19.2344,28.4,86,100,10.36
967,Tessalit,ML,2021-02-06 01:20:24,20.1986,1.0114,70.75,20,100,14.34
968,Grand Gaube,MU,2021-02-06 01:20:24,-20.0064,57.6608,75.99,84,0,8.99
969,Mnogovershinnyy,RU,2021-02-06 01:20:24,53.9353,139.9242,-8.72,91,100,5.14
970,Wanning,CN,2021-02-06 01:20:24,18.8003,110.3967,68.9,83,57,5.84
971,Hope,US,2021-02-06 01:20:24,33.6671,-93.5916,48.0,55,52,3.67
972,Thyboron,DK,2021-02-06 01:20:25,56.6985,8.2124,24.01,83,0,10.0
973,Hengyang,CN,2021-02-06 01:20:25,26.8881,112.615,52.38,73,0,1.59
974,Tessaoua,NE,2021-02-06 01:20:25,13.7574,7.9874,65.8,24,0,10.02
975,Noyabrsk,RU,2021-02-06 01:20:25,63.1994,75.4507,6.84,95,100,11.21
976,Marawi,PH,2021-02-06 01:20:25,7.9986,124.2928,79.0,77,69,3.0
977,Parfenyevo,RU,2021-02-06 01:20:25,58.484,43.4088,-0.74,92,100,10.18
978,Yulara,AU,2021-02-06 01:20:25,-25.2406,130.9889,78.8,24,0,14.97
979,Jijiga,ET,2021-02-06 01:20:26,9.35,42.8,54.9,42,0,2.08
980,Asau,RO,2021-02-06 01:17:24,46.4333,26.4,34.0,75,100,1.32
981,Mitsamiouli,KM,2021-02-06 01:20:26,-11.3847,43.2844,82.76,69,16,3.29
982,Coihaique,CL,2021-02-06 01:18:06,-45.5752,-72.0662,69.8,52,0,4.61
983,Novi Knezevac,RS,2021-02-06 01:20:26,46.05,20.1,48.76,81,75,6.89
984,Zhangye,CN,2021-02-06 01:20:26,38.9342,100.4517,25.61,73,0,5.19
985,Visby,SE,2021-02-06 01:20:27,57.6409,18.296,26.6,68,90,16.11
986,Zastron,ZA,2021-02-06 01:20:27,-30.3023,27.084,64.38,63,0,2.55
987,Vostok,RU,2021-02-06 01:20:27,46.4856,135.8833,6.31,93,100,3.42
988,Emerald,AU,2021-02-06 01:20:27,-23.5333,148.1667,89.6,48,40,10.36
989,Moerai,PF,2021-02-06 01:20:27,-22.4333,-151.3333,81.0,71,0,12.24
990,Fayaoue,NC,2021-02-06 01:20:28,-20.65,166.5333,80.2,80,0,11.79
991,Cabadiangan,PH,2021-02-06 01:20:28,9.7531,122.4739,83.12,67,100,10.31
992,Constantine,DZ,2021-02-06 01:20:28,36.365,6.6147,53.6,40,0,8.05
993,Mezen,RU,2021-02-06 01:20:28,65.8522,44.24,-4.0,91,100,9.13
994,Marang,MY,2021-02-06 01:20:28,5.2056,103.2059,77.0,94,20,2.3
995,Solenzo,BF,2021-02-06 01:20:29,12.1833,-4.0833,77.77,18,75,3.27
996,Eganville,CA,2021-02-06 01:20:29,45.5334,-77.0994,26.6,63,90,10.36
997,Lanas,PH,2021-02-06 01:20:29,12.0495,121.9185,80.47,81,5,13.96
998,Give,DK,2021-02-06 01:20:29,55.8398,9.25,25.0,80,3,18.41
999,Obihiro,JP,2021-02-06 01:20:29,42.9172,143.2044,24.8,63,75,1.14
1000,Severo-Kurilsk,RU,2021-02-06 01:20:29,50.6789,156.125,16.38,81,71,6.38
1001,Beloha,MG,2021-02-06 01:20:29,-25.1667,45.05,74.71,93,81,3.76
1002,Luderitz,NA,2021-02-06 01:20:30,-26.6481,15.1594,70.23,51,0,21.12
1003,Murom,RU,2021-02-06 01:20:30,55.5656,42.0417,-3.32,92,88,9.35
1004,Mahibadhoo,MV,2021-02-06 01:15:34,3.7833,72.9667,81.0,73,100,9.37
1005,Ajdabiya,LY,2021-02-06 01:20:30,30.7554,20.2263,58.84,57,0,6.29
1006,Manggar,ID,2021-02-06 01:20:30,-2.8833,108.2667,81.86,77,77,14.0
1007,Doka,SD,2021-02-06 01:20:31,13.5167,35.7667,59.83,31,0,13.2
1008,Northam,GB,2021-02-06 01:20:31,51.0333,-4.2167,37.99,93,11,4.0
1009,Vozhega,RU,2021-02-06 01:20:31,60.4725,40.2213,-4.97,91,100,7.99
1010,Evensk,RU,2021-02-06 01:18:08,61.95,159.2333,-0.38,90,100,14.36
1011,Chauk,MM,2021-02-06 01:20:31,20.8833,94.8167,65.19,43,25,1.39
1012,Alice Springs,AU,2021-02-06 01:20:31,-23.7,133.8833,82.99,31,90,10.36
1013,Tres Lagoas,BR,2021-02-06 01:20:31,-20.7511,-51.6783,72.68,76,3,5.32
1014,Ahipara,NZ,2021-02-06 01:20:31,-35.1667,173.1667,70.68,67,92,3.8
1015,Rorvik,NO,2021-02-06 01:16:49,64.8621,11.2373,24.78,91,0,6.67
1016,Komsomolskiy,UZ,2021-02-06 01:20:32,40.4272,71.7189,32.0,69,100,2.33
1017,Nyangao,TZ,2021-02-06 01:20:32,-10.3333,39.2833,71.58,90,100,1.39
1018,Hamilton,US,2021-02-06 01:20:30,39.1834,-84.5333,35.01,55,1,8.05
1019,Coquimbo,CL,2021-02-06 01:20:32,-29.9533,-71.3436,60.8,88,75,6.91
1020,Mogadishu,SO,2021-02-06 01:20:33,2.0371,45.3438,75.43,84,87,14.97
1021,Jipijapa,EC,2021-02-06 01:20:33,-1.3333,-80.5833,78.8,83,75,6.91
1022,Uglovskoye,RU,2021-02-06 01:20:33,51.3557,80.1942,27.97,98,100,7.52
1023,General Roca,AR,2021-02-06 01:20:33,-39.0333,-67.5833,84.2,34,0,3.44
1024,Saint-Francois,FR,2021-02-06 01:20:33,46.4154,3.9054,46.0,100,90,3.44
1025,Cap Malheureux,MU,2021-02-06 01:17:11,-19.9842,57.6142,75.99,84,28,4.0
1026,Nome,US,2021-02-06 01:20:34,64.5011,-165.4064,15.8,86,90,24.16
1027,Hot Springs,US,2021-02-06 01:20:34,34.5037,-93.0552,50.0,40,90,4.61
1028,Muktsar,IN,2021-02-06 01:20:34,30.4833,74.5167,46.76,80,0,1.3
1029,Laguna,US,2021-02-06 01:16:24,38.421,-121.4238,62.6,39,1,6.91
1030,Pringsewu,ID,2021-02-06 01:20:34,-5.3582,104.9744,76.68,86,70,6.15
1031,Kidal,ML,2021-02-06 01:18:17,18.4411,1.4078,70.32,20,100,11.34
1032,Harjavalta,FI,2021-02-06 01:20:34,61.3167,22.1333,12.2,73,0,8.05
1033,Santa Elena,EC,2021-02-06 01:20:35,-2.2333,-80.85,76.78,81,28,10.83
1034,Havelock,US,2021-02-06 01:16:28,34.8791,-76.9013,53.6,100,40,10.36
1035,Sakaraha,MG,2021-02-06 01:20:35,-22.9,44.5333,72.41,97,93,1.57
1036,Kincardine,GB,2021-02-06 01:20:35,56.0667,-3.7167,39.2,93,75,16.11
1037,Anloga,GH,2021-02-06 01:20:35,5.7947,0.8973,84.2,84,40,10.36
1038,Sol-Iletsk,RU,2021-02-06 01:20:35,51.1631,54.9918,34.39,98,100,11.77
1039,Jiaocheng,CN,2021-02-06 01:20:36,24.6774,116.1389,68.74,50,0,1.25
1040,Moctezuma,MX,2021-02-06 01:20:36,29.8,-109.6667,65.93,26,0,3.98
1041,Igrim,RU,2021-02-06 01:20:36,63.1906,64.4162,-2.06,93,100,11.1
1042,Paamiut,GL,2021-02-06 01:20:36,61.994,-49.6678,20.61,75,0,6.64
1043,Luwuk,ID,2021-02-06 01:20:36,-0.9516,122.7875,82.08,66,100,1.79
1044,Curillo,CO,2021-02-06 01:20:36,1.0333,-75.9191,74.32,89,100,1.14
1045,Ihosy,MG,2021-02-06 01:20:36,-22.4,46.1167,70.29,90,100,1.52
1046,Bose,IT,2021-02-06 01:20:37,45.4612,8.0137,46.0,97,100,0.25
1047,Bodden Town,KY,2021-02-06 01:20:37,19.2833,-81.25,78.8,83,40,9.22
1048,Nanaimo,CA,2021-02-06 01:20:37,49.1663,-123.936,46.4,81,69,10.36
1049,Omboue,GA,2021-02-06 01:20:37,-1.5746,9.2618,78.87,89,100,3.76
1050,Tagusao,PH,2021-02-06 01:20:37,9.1924,117.8141,81.01,76,100,3.96
1051,Bubaque,GW,2021-02-06 01:18:09,11.2833,-15.8333,79.0,57,100,16.35
1052,Mount Isa,AU,2021-02-06 01:17:01,-20.7333,139.5,87.8,48,40,9.22
1053,Tarauaca,BR,2021-02-06 01:20:38,-8.1614,-70.7656,73.09,98,100,2.44
1054,Udachnyy,RU,2021-02-06 01:20:38,66.4167,112.4,-37.71,78,0,2.13
1055,Perdoes,BR,2021-02-06 01:20:38,-21.0908,-45.0914,70.14,90,100,3.06
1056,Lichinga,MZ,2021-02-06 01:20:38,-13.3128,35.2406,66.2,94,20,4.61
1057,Sarishabari,BD,2021-02-06 01:20:38,24.7333,89.8333,64.06,60,0,2.59
1058,College,US,2021-02-06 01:20:39,64.8569,-147.8028,-2.2,71,75,3.44
1059,Kalmunai,LK,2021-02-06 01:20:39,7.4167,81.8167,75.02,88,56,9.57
1060,Tombouctou,ML,2021-02-06 01:20:39,20.0,-3.0,77.81,16,100,9.35
1061,Karatau,KZ,2021-02-06 01:20:39,43.1667,70.4667,39.45,63,100,5.28
1062,Panlaitan,PH,2021-02-06 01:20:39,12.1191,119.8486,82.42,71,76,5.19
1063,Kudahuvadhoo,MV,2021-02-06 01:20:39,2.6708,72.8944,80.96,75,100,8.3
1064,Sao Felix Do Xingu,BR,2021-02-06 01:20:39,-6.6447,-51.995,75.54,87,100,0.78
1065,Poprad,SK,2021-02-06 01:20:40,49.0614,20.298,30.99,93,90,5.75
1066,Yar-Sale,RU,2021-02-06 01:18:11,66.8333,70.8333,-18.44,88,100,10.76
1067,Gimli,CA,2021-02-06 01:20:40,50.6336,-96.9907,-5.8,71,100,11.5
1068,Diamantino,BR,2021-02-06 01:20:40,-14.4086,-56.4461,75.76,85,100,2.73
1069,Xambioa,BR,2021-02-06 01:20:40,-6.4111,-48.5364,75.43,91,100,2.46
1070,Dunda,TZ,2021-02-06 01:20:40,-8.1167,34.25,65.57,94,98,2.24
1071,Buenos Aires,AR,2021-02-06 01:19:20,-34.6132,-58.3772,73.0,60,0,5.75
1072,Tazmalt,DZ,2021-02-06 01:20:41,36.3868,4.3989,55.56,40,0,7.67
1073,Sambava,MG,2021-02-06 01:20:41,-14.2667,50.1667,74.89,90,100,6.29
1074,Antananarivo,MG,2021-02-06 01:20:41,-18.9137,47.5361,64.4,94,20,5.75
1075,Yumen,CN,2021-02-06 01:20:41,40.2833,97.2,30.15,71,94,17.85
1076,Tutoia,BR,2021-02-06 01:20:41,-2.7619,-42.2744,79.75,78,0,14.14
1077,Wilmington,US,2021-02-06 01:17:30,34.2257,-77.9447,53.01,100,90,5.75
1078,Saldanha,ZA,2021-02-06 01:16:55,-33.0117,17.9442,62.6,88,0,10.36
1079,Estrela,BR,2021-02-06 01:20:42,-28.0611,-50.9383,52.72,96,7,3.62
1080,Chicama,PE,2021-02-06 01:20:42,-7.8447,-79.1469,73.96,62,94,5.64
1081,Arona,ES,2021-02-06 01:20:42,28.0996,-16.681,57.0,71,20,8.05
1082,Yeppoon,AU,2021-02-06 01:20:43,-23.1333,150.7333,89.6,45,40,4.61
1083,Saint-Joseph,RE,2021-02-06 01:20:44,-21.3667,55.6167,78.8,65,75,6.91
1084,Bitung,ID,2021-02-06 01:20:44,1.4451,125.1824,82.4,78,20,2.3
1085,Muros,ES,2021-02-06 01:20:44,42.7762,-9.0603,51.01,80,99,8.01
1086,Waddan,LY,2021-02-06 01:20:44,29.1614,16.139,59.49,35,98,6.55
1087,Jinzhou,CN,2021-02-06 01:20:44,41.1078,121.1417,32.23,87,0,7.18
1088,San Isidro,PE,2021-02-06 01:20:45,-12.1167,-77.05,75.99,83,0,11.5
1089,Troitsko-Pechorsk,RU,2021-02-06 01:20:45,62.7084,56.1964,3.72,94,100,11.7
1090,Haines Junction,CA,2021-02-06 01:20:45,60.7522,-137.5108,-13.0,70,100,1.14
1091,Yerbogachen,RU,2021-02-06 01:20:45,61.2767,108.0108,-7.78,91,100,3.33
1092,Pithora,IN,2021-02-06 01:20:45,21.2667,82.5167,55.18,40,0,1.07
1093,Bedele,ET,2021-02-06 01:20:45,8.456,36.353,51.58,46,0,1.92
1094,Biloela,AU,2021-02-06 01:20:46,-24.4167,150.5,87.31,42,100,2.75
1095,Henties Bay,NA,2021-02-06 01:20:46,-22.116,14.2845,64.0,90,35,1.01
1096,Wajir,KE,2021-02-06 01:20:46,1.7471,40.0573,73.63,76,0,13.35
1097,Sumbe,AO,2021-02-06 01:19:08,-11.2061,13.8437,75.9,84,99,8.52
1098,Lasa,IT,2021-02-06 01:20:46,46.6166,10.7002,41.0,93,40,4.61
1099,Iquique,CL,2021-02-06 01:17:47,-20.2208,-70.1431,71.6,64,0,8.05
1100,Mao,ES,2021-02-06 01:20:46,39.8885,4.2658,62.6,67,40,12.66
1101,Itupiranga,BR,2021-02-06 01:20:46,-5.1347,-49.3267,78.71,76,99,1.19
1102,Winona,US,2021-02-06 01:20:35,43.9666,-91.7668,8.6,78,1,12.66
1103,Guasdualito,VE,2021-02-06 01:20:47,7.2424,-70.7324,80.82,61,100,2.33
1104,Polovinnoye,RU,2021-02-06 01:20:47,54.7914,65.9864,34.79,99,100,11.81
1105,Murgab,TM,2021-02-06 01:20:47,37.4966,61.9714,44.6,45,0,6.91
1106,Valparaiso,CL,2021-02-06 01:20:28,-33.0393,-71.6273,60.8,88,75,5.75
1107,Aquiraz,BR,2021-02-06 01:16:08,-3.9014,-38.3911,80.6,78,40,8.05
1108,Buraydah,SA,2021-02-06 01:20:48,26.326,43.975,53.6,94,75,5.75
1109,Piltene,LV,2021-02-06 01:20:48,57.2243,21.6744,1.4,92,90,1.14
1110,Nan,TH,2021-02-06 01:20:48,18.8333,100.6667,60.8,100,0,3.44
1111,Humaita,BR,2021-02-06 01:20:48,-7.5061,-63.0208,75.29,96,100,1.92
1112,Chilca,PE,2021-02-06 01:17:44,-12.5211,-76.7372,75.99,83,0,11.5
1113,Darab,IR,2021-02-06 01:18:28,28.7519,54.5444,49.87,43,100,0.81
1114,Kenai,US,2021-02-06 01:20:48,60.5544,-151.2583,16.0,79,90,6.91
1115,Soma,TR,2021-02-06 01:20:49,39.1855,27.6094,42.8,100,75,1.61
1116,Mastic,US,2021-02-06 01:17:06,40.802,-72.8409,34.0,86,1,9.78
1117,Shu,KZ,2021-02-06 01:20:49,43.5983,73.7614,35.01,88,100,10.0
1118,Oussouye,SN,2021-02-06 01:20:49,12.485,-16.5469,73.4,68,0,4.61
1119,Katghora,IN,2021-02-06 01:20:49,22.5,82.55,53.08,73,37,6.69
1120,Nishihara,JP,2021-02-06 01:20:49,26.1842,127.7558,71.6,43,20,5.75
1121,Filadelfia,US,2021-02-06 01:19:00,39.9523,-75.1638,44.6,39,75,9.22
1122,Santiago De Chuco,PE,2021-02-06 01:20:50,-8.15,-78.1833,53.01,80,96,1.39
1123,Omaruru,NA,2021-02-06 01:20:50,-21.4333,15.9333,74.8,47,47,4.72
1124,Zavetnoye,RU,2021-02-06 01:20:50,47.1194,43.8903,26.73,86,0,21.14
1125,El Campo,US,2021-02-06 01:20:50,29.1966,-96.2697,53.01,76,90,4.61
1126,Sembe,CG,2021-02-06 01:20:50,1.6481,14.5806,73.18,79,7,1.57
1127,Porto Novo,BJ,2021-02-06 01:20:50,6.4965,2.6036,84.2,84,40,11.5
1128,Cullen,GB,2021-02-06 01:20:51,57.6904,-2.8182,37.4,70,90,19.57
1129,Naryan-Mar,RU,2021-02-06 01:20:51,67.6713,53.087,-13.88,89,1,10.07
